Gene	MutSig(Q-value)	# Mut	#	Freq
FLT3		63	60	30.0%
NPM1		56	54	27.0%
DNMT3A		56	50	25.0%
RUNX1		29	26	13.0%
IDH2		21	21	10.5%
IDH1		19	19	9.5%
TET2		27	17	8.5%
NRAS		16	16	8.0%
PML		16	16	8.0%
RARA		16	16	8.0%
TP53		20	16	8.0%
TTN		16	14	7.0%
CEBPA		20	13	6.5%
WT1		14	13	6.5%
MYH11		13	12	6.0%
CBFB		11	11	5.5%
BPIFC		12	11	5.5%
KRAS		10	10	5.0%
KMT2A		10	10	5.0%
PTPN11		10	10	5.0%
RUNX1T1		9	9	4.5%
SMC1A		9	9	4.5%
KIT		11	8	4.0%
U2AF1		8	8	4.0%
MUC16		10	8	4.0%
NF1		7	7	3.5%
SMC3		7	7	3.5%
SENP6		7	7	3.5%
PHF6		7	7	3.5%
HPS3		7	7	3.5%
ASXL1		7	7	3.5%
GABRG3		6	6	3.0%
GDI2		6	6	3.0%
MPO		8	6	3.0%
RAD21		6	6	3.0%
MLLT10		6	6	3.0%
DNAH11		6	6	3.0%
SLIT2		6	6	3.0%
MED12		6	6	3.0%
STAG2		6	6	3.0%
MYCBP2		7	6	3.0%
SYNE1		6	6	3.0%
SF3B1		7	6	3.0%
ABCA6		8	6	3.0%
PCLO		7	6	3.0%
BRWD1		6	6	3.0%
PARP14		6	6	3.0%
CSMD1		6	6	3.0%
HMCN1		6	6	3.0%
FREM2		6	6	3.0%
ABL1		5	5	2.5%
ANK2		5	5	2.5%
CREBBP		5	5	2.5%
EP300		5	5	2.5%
GATA2		5	5	2.5%
GRIK4		5	5	2.5%
LRP2		5	5	2.5%
NUP98		5	5	2.5%
SLC43A1		5	5	2.5%
FCGBP		5	5	2.5%
BSN		5	5	2.5%
SLC16A7		5	5	2.5%
CHL1		5	5	2.5%
SPEN		6	5	2.5%
KIF1B		5	5	2.5%
ABCA5		5	5	2.5%
FBXO7		7	5	2.5%
MXRA5		7	5	2.5%
ATRNL1		5	5	2.5%
PLCE1		5	5	2.5%
RALGPS2		5	5	2.5%
KLHL7		6	5	2.5%
KIF15		5	5	2.5%
EPG5		5	5	2.5%
NPAS3		6	5	2.5%
AHNAK		7	5	2.5%
IFT74		5	5	2.5%
BTBD10		5	5	2.5%
LNX1		6	5	2.5%
ZCRB1		5	5	2.5%
MTFR2		5	5	2.5%
CSMD3		7	5	2.5%
ADGRG4		5	5	2.5%
VPS13B		5	5	2.5%
PRUNE2		5	5	2.5%
VWA3B		5	5	2.5%
FRYL		5	5	2.5%
BRINP3		6	5	2.5%
ABCA4		4	4	2.0%
ABR		4	4	2.0%
APC		4	4	2.0%
APOB		5	4	2.0%
ALDH7A1		4	4	2.0%
BCR		4	4	2.0%
PRDM1		5	4	2.0%
CHD4		4	4	2.0%
COL12A1		5	4	2.0%
DMD		4	4	2.0%
DNAH9		6	4	2.0%
EIF2S3		4	4	2.0%
FAT1		4	4	2.0%
FAT2		4	4	2.0%
FLT1		4	4	2.0%
MTOR		4	4	2.0%
GABBR1		4	4	2.0%
GRIA3		4	4	2.0%
TNC		5	4	2.0%
LYZ		4	4	2.0%
MTHFD1		4	4	2.0%
PKHD1		4	4	2.0%
PLSCR1		4	4	2.0%
RANBP2		4	4	2.0%
RASA1		4	4	2.0%
RYR3		5	4	2.0%
SPTB		4	4	2.0%
STK10		4	4	2.0%
TCF12		4	4	2.0%
TP53BP2		4	4	2.0%
YWHAE		4	4	2.0%
ELL		4	4	2.0%
MYH13		4	4	2.0%
ADAM20		4	4	2.0%
CCNA1		4	4	2.0%
MTA2		4	4	2.0%
SLC4A7		4	4	2.0%
RAPGEF2		4	4	2.0%
CROCC		4	4	2.0%
ST18		4	4	2.0%
SFI1		4	4	2.0%
SMG7		4	4	2.0%
PAN2		4	4	2.0%
DOP1B		4	4	2.0%
PTPRT		4	4	2.0%
SMG1		4	4	2.0%
UBR4		6	4	2.0%
NCAPH		4	4	2.0%
PHF3		4	4	2.0%
NFU1		4	4	2.0%
ANAPC4		4	4	2.0%
BAZ2B		4	4	2.0%
COL5A3		4	4	2.0%
GOLM1		4	4	2.0%
LRP1B		7	4	2.0%
VPS13C		4	4	2.0%
TMEM63B		4	4	2.0%
PLEKHH1		4	4	2.0%
NAA35		4	4	2.0%
BCORL1		6	4	2.0%
XPO4		4	4	2.0%
LRFN3		4	4	2.0%
FAT4		4	4	2.0%
TRPM3		4	4	2.0%
SPG11		4	4	2.0%
IQCN		4	4	2.0%
PLXNA4		4	4	2.0%
PKHD1L1		4	4	2.0%
AHNAK2		6	4	2.0%
PKD1L2		4	4	2.0%
UHRF2		4	4	2.0%
SCLT1		5	4	2.0%
PTPDC1		4	4	2.0%
MUC17		7	4	2.0%
ADAMTS19		4	4	2.0%
DNAH10		5	4	2.0%
CMYA5		4	4	2.0%
SDK1		4	4	2.0%
CCDC18		4	4	2.0%
GPR179		5	4	2.0%
ANK1		3	3	1.5%
ARHGAP6		3	3	1.5%
ZFHX3		3	3	1.5%
ATP2B3		4	3	1.5%
DST		3	3	1.5%
C1S		4	3	1.5%
CACNA1B		3	3	1.5%
CACNA1E		3	3	1.5%
CALR		3	3	1.5%
CASR		3	3	1.5%
CCNT1		3	3	1.5%
CD74		3	3	1.5%
COL1A1		3	3	1.5%
COL2A1		3	3	1.5%
CSNK1A1		3	3	1.5%
CTNNA2		3	3	1.5%
CYBB		3	3	1.5%
DYNC1H1		3	3	1.5%
DNMT3B		4	3	1.5%
CELSR3		3	3	1.5%
ELF4		3	3	1.5%
MECOM		3	3	1.5%
EZH2		4	3	1.5%
ACSL3		3	3	1.5%
PTK2B		3	3	1.5%
FLG		3	3	1.5%
GOLGA4		3	3	1.5%
GRID1		3	3	1.5%
ARHGAP35		3	3	1.5%
GRM8		3	3	1.5%
HIVEP1		3	3	1.5%
HSPA4		3	3	1.5%
HSPG2		3	3	1.5%
ITGA1		3	3	1.5%
KCNA4		3	3	1.5%
KDR		3	3	1.5%
KIF5B		3	3	1.5%
KRT13		3	3	1.5%
LAMA3		3	3	1.5%
LAMB1		3	3	1.5%
LAMB2		3	3	1.5%
LRP1		4	3	1.5%
MAP2		3	3	1.5%
MEFV		3	3	1.5%
MYLK		3	3	1.5%
NEB		4	3	1.5%
NFIX		3	3	1.5%
NKTR		3	3	1.5%
CNOT3		3	3	1.5%
NPY2R		3	3	1.5%
DDR2		3	3	1.5%
PFKM		3	3	1.5%
PIK3CB		3	3	1.5%
PLOD1		3	3	1.5%
PLOD2		3	3	1.5%
PLP1		3	3	1.5%
PLXNA2		4	3	1.5%
PPP2R2A		3	3	1.5%
PRKAA2		3	3	1.5%
PRKAR2B		3	3	1.5%
PTPRA		3	3	1.5%
RAD52		3	3	1.5%
RNF2		3	3	1.5%
ROS1		3	3	1.5%
RYR1		3	3	1.5%
SCN1A		3	3	1.5%
SCN2A		3	3	1.5%
SRSF2		3	3	1.5%
SUMO2		3	3	1.5%
SIGLEC1		3	3	1.5%
TEK		3	3	1.5%
TG		3	3	1.5%
TIAM1		3	3	1.5%
TPR		3	3	1.5%
UBA1		4	3	1.5%
UGT2B4		3	3	1.5%
USH2A		3	3	1.5%
KDM6A		3	3	1.5%
EZR		3	3	1.5%
NCOA3		3	3	1.5%
USP9X		3	3	1.5%
ARID1A		3	3	1.5%
DYSF		4	3	1.5%
DNAH17		4	3	1.5%
TNFSF10		3	3	1.5%
SUCLA2		3	3	1.5%
SYNJ1		3	3	1.5%
MTMR3		3	3	1.5%
HERC1		3	3	1.5%
BTAF1		3	3	1.5%
CCNE2		4	3	1.5%
NRXN2		3	3	1.5%
PDE4DIP		3	3	1.5%
EIF5B		4	3	1.5%
RUBCN		3	3	1.5%
FIG4		3	3	1.5%
THRAP3		3	3	1.5%
AKAP9		3	3	1.5%
FAM13A		3	3	1.5%
MPHOSPH9		3	3	1.5%
ABCA10		3	3	1.5%
NCOA2		3	3	1.5%
IPO7		4	3	1.5%
TACC2		3	3	1.5%
PRPF8		3	3	1.5%
CELF1		3	3	1.5%
GMEB1		3	3	1.5%
RUVBL2		3	3	1.5%
USP19		3	3	1.5%
DDX52		3	3	1.5%
CIT		3	3	1.5%
WIF1		3	3	1.5%
AKAP11		3	3	1.5%
DIS3		3	3	1.5%
NCOA6		3	3	1.5%
VWA8		3	3	1.5%
CUL9		4	3	1.5%
GPATCH8		4	3	1.5%
PSME4		3	3	1.5%
ARL6IP1		3	3	1.5%
KLHL18		3	3	1.5%
ANKS1A		3	3	1.5%
DAAM2		3	3	1.5%
TMEM131		3	3	1.5%
SUZ12		3	3	1.5%
EDC4		4	3	1.5%
RAI14		3	3	1.5%
MYOF		3	3	1.5%
ATAD2		3	3	1.5%
SETD2		3	3	1.5%
TAS2R3		3	3	1.5%
IPO11		3	3	1.5%
UBR5		3	3	1.5%
NLK		3	3	1.5%
RAPGEF6		3	3	1.5%
RBM11		3	3	1.5%
XRN1		3	3	1.5%
SSH3		3	3	1.5%
PHIP		3	3	1.5%
NRDE2		3	3	1.5%
VPS13D		4	3	1.5%
PBRM1		3	3	1.5%
FANCI		3	3	1.5%
DNAH3		8	3	1.5%
KIF21A		4	3	1.5%
ATF7IP		3	3	1.5%
CACNA2D3		4	3	1.5%
PCDHA10		3	3	1.5%
PCDHA4		3	3	1.5%
DNAH7		3	3	1.5%
ZNF253		3	3	1.5%
KIAA1217		3	3	1.5%
NMUR2		3	3	1.5%
VARS2		4	3	1.5%
BIRC6		3	3	1.5%
MTUS1		3	3	1.5%
UNC79		3	3	1.5%
RNF213		3	3	1.5%
PRX		4	3	1.5%
KMT2C		3	3	1.5%
HIVEP3		5	3	1.5%
ELOVL5		3	3	1.5%
PRDM16		3	3	1.5%
CDH23		3	3	1.5%
SEMA4A		3	3	1.5%
TENT4B		3	3	1.5%
NSD1		3	3	1.5%
RFX7		3	3	1.5%
NBEAL1		4	3	1.5%
WNK1		3	3	1.5%
PRRG4		3	3	1.5%
RIPOR1		3	3	1.5%
SH3TC2		4	3	1.5%
EFL1		3	3	1.5%
ZYG11B		3	3	1.5%
E2F8		3	3	1.5%
ZFHX4		3	3	1.5%
ZBTB3		3	3	1.5%
CWH43		3	3	1.5%
PROSER1		3	3	1.5%
ITIH5		3	3	1.5%
EPPK1		3	3	1.5%
FAM57B		3	3	1.5%
MRO		3	3	1.5%
OBSCN		3	3	1.5%
FRMPD3		3	3	1.5%
FBN3		3	3	1.5%
TTBK1		3	3	1.5%
STARD13		3	3	1.5%
DDX60L		3	3	1.5%
VPS26B		3	3	1.5%
SLC26A9		3	3	1.5%
GBP4		3	3	1.5%
XIRP2		3	3	1.5%
DIS3L2		3	3	1.5%
CNTNAP5		3	3	1.5%
MROH2B		3	3	1.5%
TTBK2		4	3	1.5%
DNAH2		3	3	1.5%
ADIG		3	3	1.5%
IGSF5		3	3	1.5%
C2CD6		3	3	1.5%
SNRNP48		3	3	1.5%
FAM122C		3	3	1.5%
ADAMTS17		3	3	1.5%
ACSF3		3	3	1.5%
UNC5B		3	3	1.5%
PHACTR1		3	3	1.5%
TCP11L2		3	3	1.5%
MAP7D2		4	3	1.5%
C17ORF47		3	3	1.5%
SLC9A9		3	3	1.5%
ILDR1		3	3	1.5%
SLCO1B7		3	3	1.5%
HEPHL1		3	3	1.5%
GALNT18		3	3	1.5%
BOLA2		3	3	1.5%
MUC5B		4	3	1.5%
LY75-CD302		3	3	1.5%
ACACA		2	2	1.0%
ACACB		4	2	1.0%
ADSL		2	2	1.0%
ADSS		2	2	1.0%
ALAS2		2	2	1.0%
ALK		2	2	1.0%
AMT		3	2	1.0%
ARHGAP5		2	2	1.0%
ASGR2		2	2	1.0%
ATP1A1		2	2	1.0%
ATP1A2		2	2	1.0%
ATP2B2		2	2	1.0%
ATP7B		2	2	1.0%
AXL		2	2	1.0%
ADGRB3		2	2	1.0%
BICD1		2	2	1.0%
BRCA2		2	2	1.0%
C3		2	2	1.0%
C5		2	2	1.0%
C9		2	2	1.0%
DAGLA		2	2	1.0%
CA9		2	2	1.0%
CACNA1C		2	2	1.0%
CACNB2		3	2	1.0%
CBL		2	2	1.0%
ENTPD5		2	2	1.0%
LRBA		2	2	1.0%
CDC27		2	2	1.0%
CDC42		2	2	1.0%
CENPF		2	2	1.0%
CFL2		2	2	1.0%
CHM		2	2	1.0%
CHN1		2	2	1.0%
CHRNA2		2	2	1.0%
CLCN1		2	2	1.0%
CLCN4		2	2	1.0%
COL4A2		2	2	1.0%
COL4A6		2	2	1.0%
COL7A1		2	2	1.0%
COL9A1		2	2	1.0%
COL17A1		2	2	1.0%
COX6B1		2	2	1.0%
CRHR1		2	2	1.0%
CSF3R		2	2	1.0%
DAB2		2	2	1.0%
DAXX		2	2	1.0%
DCTN1		3	2	1.0%
DMXL1		2	2	1.0%
DLD		2	2	1.0%
DNA2		2	2	1.0%
DNAH5		2	2	1.0%
DNAH8		2	2	1.0%
DOCK2		2	2	1.0%
DPP4		2	2	1.0%
DRD2		2	2	1.0%
DSCAM		2	2	1.0%
DTNB		2	2	1.0%
DUSP1		2	2	1.0%
EIF2D		2	2	1.0%
EGFR		2	2	1.0%
EHHADH		2	2	1.0%
EIF4G1		2	2	1.0%
ELF1		2	2	1.0%
EPB41		2	2	1.0%
EPB41L1		2	2	1.0%
EPHA4		2	2	1.0%
EPRS		2	2	1.0%
ERBB3		2	2	1.0%
ERCC6		2	2	1.0%
ETV3		2	2	1.0%
ETV6		2	2	1.0%
EVPL		2	2	1.0%
EXTL2		2	2	1.0%
EYA1		2	2	1.0%
EZH1		2	2	1.0%
FAP		2	2	1.0%
FARSA		2	2	1.0%
FBN1		2	2	1.0%
FGF8		2	2	1.0%
FN1		2	2	1.0%
G6PD		2	2	1.0%
XRCC6		2	2	1.0%
GALNT2		2	2	1.0%
NR6A1		2	2	1.0%
GJB3		2	2	1.0%
GCLM		2	2	1.0%
GLI1		2	2	1.0%
GLS		2	2	1.0%
GNA15		2	2	1.0%
GOLGA1		2	2	1.0%
GPD2		2	2	1.0%
GPI		2	2	1.0%
GRK5		2	2	1.0%
GRIK2		2	2	1.0%
GRIN2B		2	2	1.0%
GRM3		2	2	1.0%
GSK3B		2	2	1.0%
GTF3C1		2	2	1.0%
HCK		2	2	1.0%
HTT		2	2	1.0%
HNRNPK		3	2	1.0%
HSD3B1		2	2	1.0%
DNAJB2		2	2	1.0%
HSPA5		2	2	1.0%
IKBKB		2	2	1.0%
INSR		2	2	1.0%
ITGAD		2	2	1.0%
ITGAV		2	2	1.0%
ITIH4		2	2	1.0%
ITPR3		2	2	1.0%
KCNA1		2	2	1.0%
KCNH2		2	2	1.0%
KCNJ14		2	2	1.0%
KPNB1		2	2	1.0%
LAMA2		2	2	1.0%
LEPR		2	2	1.0%
LIMK1		2	2	1.0%
LRCH4		2	2	1.0%
LRP5		2	2	1.0%
CD180		2	2	1.0%
MAN2C1		2	2	1.0%
MANBA		2	2	1.0%
MAP1B		2	2	1.0%
MAT1A		2	2	1.0%
CHST6		2	2	1.0%
ADAM11		2	2	1.0%
MDM2		2	2	1.0%
MDM4		2	2	1.0%
MFGE8		2	2	1.0%
MKI67		2	2	1.0%
MAP3K9		2	2	1.0%
AFF1		2	2	1.0%
TRPM1		2	2	1.0%
MPI		2	2	1.0%
MYO1B		2	2	1.0%
MST1R		3	2	1.0%
MUC4		2	2	1.0%
MYC		2	2	1.0%
MYD88		2	2	1.0%
MYH2		2	2	1.0%
MYH3		2	2	1.0%
MYH6		2	2	1.0%
MYH10		2	2	1.0%
MYO7B		2	2	1.0%
PPP1R12A		2	2	1.0%
HNRNPM		2	2	1.0%
NEO1		2	2	1.0%
NFATC2		2	2	1.0%
NID1		2	2	1.0%
NOS1		2	2	1.0%
NOTCH2		2	2	1.0%
NOTCH4		2	2	1.0%
NPAT		2	2	1.0%
NPC1		2	2	1.0%
SLC11A2		2	2	1.0%
NRCAM		2	2	1.0%
NUMA1		2	2	1.0%
P2RY2		2	2	1.0%
PCDH1		2	2	1.0%
PCNT		2	2	1.0%
PCYT1A		2	2	1.0%
PDC		2	2	1.0%
PDK3		2	2	1.0%
CDK14		2	2	1.0%
PHKA2		2	2	1.0%
PIK3C2A		2	2	1.0%
PIK3C3		2	2	1.0%
PKD2		3	2	1.0%
PKM		3	2	1.0%
PLCG1		2	2	1.0%
PNN		2	2	1.0%
POLE		2	2	1.0%
PPIC		2	2	1.0%
PPL		2	2	1.0%
PPP1R3A		2	2	1.0%
PPP3CA		2	2	1.0%
PPP3R1		2	2	1.0%
PPP6C		2	2	1.0%
PREP		2	2	1.0%
PKN2		2	2	1.0%
MAPK1		2	2	1.0%
MAPK9		2	2	1.0%
MASP1		2	2	1.0%
RELN		2	2	1.0%
PSMD1		2	2	1.0%
PTCH1		2	2	1.0%
PTGER3		2	2	1.0%
PTPN14		2	2	1.0%
PTPRC		2	2	1.0%
PTPRE		2	2	1.0%
RALA		2	2	1.0%
RAP1GDS1		2	2	1.0%
RARS		2	2	1.0%
RBBP4		2	2	1.0%
RBM3		2	2	1.0%
RDX		2	2	1.0%
REV3L		2	2	1.0%
RFC1		2	2	1.0%
RFC3		2	2	1.0%
RFX2		2	2	1.0%
RIT1		2	2	1.0%
ROBO2		2	2	1.0%
RP1		2	2	1.0%
RPGR		2	2	1.0%
RPL4		2	2	1.0%
RPL13		2	2	1.0%
RPS6KA1		2	2	1.0%
RPS8		2	2	1.0%
RSU1		2	2	1.0%
SCN3A		2	2	1.0%
SCN7A		2	2	1.0%
SCN8A		2	2	1.0%
ITSN1		2	2	1.0%
SHC1		2	2	1.0%
SI		2	2	1.0%
SLC6A9		2	2	1.0%
SLC12A2		2	2	1.0%
SLC15A1		2	2	1.0%
SLC18A2		2	2	1.0%
SMARCA2		2	2	1.0%
SORL1		4	2	1.0%
SP3		2	2	1.0%
SP100		2	2	1.0%
SPN		2	2	1.0%
SREBF2		2	2	1.0%
STAT5B		2	2	1.0%
HSPA13		2	2	1.0%
STRN		2	2	1.0%
STX3		2	2	1.0%
SUPT5H		2	2	1.0%
TAF1		2	2	1.0%
TCF7L2		2	2	1.0%
ZNF354A		2	2	1.0%
TCF20		2	2	1.0%
TECTA		2	2	1.0%
TGFBR3		2	2	1.0%
TJP1		2	2	1.0%
NR2E1		2	2	1.0%
TNNT2		2	2	1.0%
TPH1		2	2	1.0%
TTC3		3	2	1.0%
TUBA3C		2	2	1.0%
TYRO3		2	2	1.0%
UBTF		2	2	1.0%
UMOD		2	2	1.0%
VWF		2	2	1.0%
ZAN		2	2	1.0%
WNT11		2	2	1.0%
ZNF33B		2	2	1.0%
ZNF75D		2	2	1.0%
ZNF133		2	2	1.0%
ZNF155		2	2	1.0%
ZNF229		2	2	1.0%
ZNF236		2	2	1.0%
ALMS1		3	2	1.0%
USP7		2	2	1.0%
TUSC3		2	2	1.0%
KAT6A		2	2	1.0%
NUP214		2	2	1.0%
ADAM12		2	2	1.0%
YEATS4		2	2	1.0%
SLC14A2		2	2	1.0%
PICALM		2	2	1.0%
CUL1		2	2	1.0%
TTF2		2	2	1.0%
MAP4K3		2	2	1.0%
ITGA10		2	2	1.0%
BLZF1		2	2	1.0%
CADPS		2	2	1.0%
CHRD		2	2	1.0%
TNKS		2	2	1.0%
EED		2	2	1.0%
ADAM18		2	2	1.0%
PABPC4		2	2	1.0%
MTMR1		2	2	1.0%
SCEL		2	2	1.0%
INPP4B		2	2	1.0%
CES2		2	2	1.0%
NAE1		2	2	1.0%
CPNE3		2	2	1.0%
AP1M1		2	2	1.0%
SGCE		2	2	1.0%
TOP3B		2	2	1.0%
SELENBP1		2	2	1.0%
PKD2L1		2	2	1.0%
USP6		2	2	1.0%
DCLK1		2	2	1.0%
DLG5		2	2	1.0%
CYTH1		2	2	1.0%
TRIP12		2	2	1.0%
TRIP11		2	2	1.0%
TRIP4		2	2	1.0%
EFTUD2		2	2	1.0%
NRXN3		2	2	1.0%
NRXN1		2	2	1.0%
OTOF		2	2	1.0%
AKAP6		2	2	1.0%
ROCK2		2	2	1.0%
MYOT		2	2	1.0%
ADAMTS1		2	2	1.0%
NR1D1		2	2	1.0%
AKAP12		2	2	1.0%
CELSR1		2	2	1.0%
SNCAIP		2	2	1.0%
SOCS5		2	2	1.0%
MDC1		2	2	1.0%
LPIN2		2	2	1.0%
SLC25A44		2	2	1.0%
TMEM63A		2	2	1.0%
ZNF646		2	2	1.0%
KNTC1		2	2	1.0%
USP34		2	2	1.0%
GPRASP1		2	2	1.0%
IFT140		2	2	1.0%
ARHGAP32		2	2	1.0%
KIAA0513		2	2	1.0%
DHX38		2	2	1.0%
CEP170		2	2	1.0%
MAGI2		2	2	1.0%
RHOBTB1		2	2	1.0%
KIF14		2	2	1.0%
HELZ		2	2	1.0%
DMTF1		2	2	1.0%
ZBTB33		2	2	1.0%
CHAF1A		2	2	1.0%
HUWE1		3	2	1.0%
TRIM10		2	2	1.0%
CEBPZ		2	2	1.0%
PRMT3		2	2	1.0%
EFS		2	2	1.0%
SPEG		2	2	1.0%
SEMA3A		2	2	1.0%
SCML2		2	2	1.0%
DLC1		2	2	1.0%
MCRS1		2	2	1.0%
SLC30A9		2	2	1.0%
COG5		2	2	1.0%
POMT1		2	2	1.0%
POLQ		2	2	1.0%
MAP3K2		2	2	1.0%
SLC17A3		2	2	1.0%
SRCAP		2	2	1.0%
MMP24		2	2	1.0%
CPSF4		2	2	1.0%
CKAP4		2	2	1.0%
GCN1		2	2	1.0%
KIF2C		2	2	1.0%
LILRB3		3	2	1.0%
ABHD2		2	2	1.0%
WWP1		2	2	1.0%
HNRNPUL1		2	2	1.0%
KATNA1		2	2	1.0%
PRDM4		2	2	1.0%
SLC7A9		2	2	1.0%
RNF139		2	2	1.0%
NID2		2	2	1.0%
SCAF8		2	2	1.0%
SLITRK3		2	2	1.0%
SEC31A		2	2	1.0%
INPP5F		2	2	1.0%
MORC2		2	2	1.0%
MYH15		2	2	1.0%
TTC39A		2	2	1.0%
RIMS1		2	2	1.0%
WDFY3		2	2	1.0%
DOP1A		2	2	1.0%
PDZD2		3	2	1.0%
WDTC1		2	2	1.0%
MON2		2	2	1.0%
SETX		2	2	1.0%
HECW1		2	2	1.0%
ZNF423		3	2	1.0%
ZC3H13		2	2	1.0%
SIPA1L3		2	2	1.0%
TBC1D2B		2	2	1.0%
ATP10B		2	2	1.0%
PLXND1		2	2	1.0%
PHF8		2	2	1.0%
SMC5		2	2	1.0%
CIC		2	2	1.0%
SNX13		2	2	1.0%
NUP205		2	2	1.0%
STAB1		2	2	1.0%
EFR3A		2	2	1.0%
MESD		2	2	1.0%
SULF1		2	2	1.0%
SEL1L3		2	2	1.0%
OTUD3		2	2	1.0%
ANKRD12		2	2	1.0%
SCFD1		2	2	1.0%
CAMTA1		2	2	1.0%
ADGRL2		2	2	1.0%
CLUH		2	2	1.0%
MTUS2		2	2	1.0%
FKBP15		3	2	1.0%
DMXL2		8	2	1.0%
SATB2		2	2	1.0%
SZT2		2	2	1.0%
DOCK9		2	2	1.0%
ARHGEF18		2	2	1.0%
ADNP		2	2	1.0%
ATP1B4		2	2	1.0%
SF3B3		2	2	1.0%
MACF1		2	2	1.0%
BICRAL		2	2	1.0%
NUP188		2	2	1.0%
KAT6B		3	2	1.0%
RBFOX2		2	2	1.0%
SMUG1		2	2	1.0%
CEMIP2		2	2	1.0%
FLRT2		2	2	1.0%
KIAA1549L		2	2	1.0%
HECTD1		2	2	1.0%
COG4		2	2	1.0%
ARMC8		2	2	1.0%
BRMS1		2	2	1.0%
PRKD2		3	2	1.0%
MTHFD1L		2	2	1.0%
RTTN		2	2	1.0%
SIN3A		2	2	1.0%
PNISR		2	2	1.0%
PARS2		2	2	1.0%
ZZZ3		2	2	1.0%
SETBP1		3	2	1.0%
LRRTM2		2	2	1.0%
FAM169A		2	2	1.0%
ANKRD17		2	2	1.0%
GIGYF2		2	2	1.0%
LRIT1		2	2	1.0%
C10ORF12		2	2	1.0%
RSL1D1		2	2	1.0%
PCDHB5		2	2	1.0%
TIAM2		2	2	1.0%
FBXO25		2	2	1.0%
SLC13A4		2	2	1.0%
OR1J2		2	2	1.0%
NBEA		2	2	1.0%
VPS41		2	2	1.0%
TSPAN13		2	2	1.0%
FOXP1		2	2	1.0%
ST6GALNAC4		2	2	1.0%
FILIP1		3	2	1.0%
STK36		2	2	1.0%
CPAMD8		2	2	1.0%
TINAG		2	2	1.0%
R3HCC1L		2	2	1.0%
ADAMDEC1		3	2	1.0%
RBMX		2	2	1.0%
RPS6KA6		2	2	1.0%
UTP20		2	2	1.0%
IGLV3-1		3	2	1.0%
SLC43A3		2	2	1.0%
NPC1L1		2	2	1.0%
ARHGEF4		2	2	1.0%
IMPG2		2	2	1.0%
SHANK1		2	2	1.0%
SIDT2		2	2	1.0%
TRNT1		2	2	1.0%
KMT5B		2	2	1.0%
MYO15A		2	2	1.0%
CLDN18		2	2	1.0%
TLR7		2	2	1.0%
NME8		2	2	1.0%
WAC		2	2	1.0%
ZMYND10		2	2	1.0%
DDX41		2	2	1.0%
LIMA1		2	2	1.0%
LARS		3	2	1.0%
ZC3HC1		2	2	1.0%
ESF1		2	2	1.0%
PCF11		2	2	1.0%
NBAS		2	2	1.0%
SYT17		2	2	1.0%
KDM3B		2	2	1.0%
TM6SF1		2	2	1.0%
STX18		2	2	1.0%
CNTN5		2	2	1.0%
SLC38A2		2	2	1.0%
ROBO4		2	2	1.0%
SDK2		2	2	1.0%
PAF1		4	2	1.0%
PDP1		2	2	1.0%
GRAMD1C		2	2	1.0%
RNF111		2	2	1.0%
TRPM4		2	2	1.0%
DCHS2		2	2	1.0%
NDE1		2	2	1.0%
MFSD6		2	2	1.0%
SYTL2		2	2	1.0%
CNTLN		2	2	1.0%
BCOR		2	2	1.0%
TBC1D8B		2	2	1.0%
PLPPR1		2	2	1.0%
FAM120C		2	2	1.0%
PAK1IP1		2	2	1.0%
MOCOS		2	2	1.0%
CCDC186		2	2	1.0%
ATG2B		2	2	1.0%
CRTAC1		2	2	1.0%
LARP1B		3	2	1.0%
RBM23		2	2	1.0%
ARMC1		2	2	1.0%
SETD5		2	2	1.0%
UBA6		2	2	1.0%
SLC47A1		2	2	1.0%
ASXL2		2	2	1.0%
CCDC91		2	2	1.0%
UFSP2		2	2	1.0%
MNS1		2	2	1.0%
SAGE1		2	2	1.0%
DDX60		2	2	1.0%
MTMR8		2	2	1.0%
FLVCR2		2	2	1.0%
LYAR		2	2	1.0%
NLRP2		2	2	1.0%
NBPF1		2	2	1.0%
YEATS2		2	2	1.0%
TENM3		2	2	1.0%
BTBD7		2	2	1.0%
ZFP64		2	2	1.0%
OGDHL		2	2	1.0%
FGD6		2	2	1.0%
TXLNG		2	2	1.0%
CSGALNACT1		2	2	1.0%
CAND1		2	2	1.0%
PCDHB6		2	2	1.0%
PCDHA1		2	2	1.0%
ANKH		2	2	1.0%
MEPCE		2	2	1.0%
TMPRSS4		2	2	1.0%
KCNK13		2	2	1.0%
FMN2		2	2	1.0%
ANKS1B		2	2	1.0%
EMSY		2	2	1.0%
PARP6		2	2	1.0%
CCDC47		2	2	1.0%
PLSCR4		2	2	1.0%
RALGAPB		2	2	1.0%
RALGAPA2		2	2	1.0%
ATP8B2		3	2	1.0%
SENP7		2	2	1.0%
DSCAML1		2	2	1.0%
STRIP2		2	2	1.0%
USP31		2	2	1.0%
PLEKHG1		2	2	1.0%
KIAA1210		2	2	1.0%
CGN		2	2	1.0%
ALPK3		2	2	1.0%
CC2D2A		2	2	1.0%
SIPA1L2		2	2	1.0%
PREX1		2	2	1.0%
KCNT1		2	2	1.0%
ZNF687		2	2	1.0%
USP36		2	2	1.0%
DIP2B		2	2	1.0%
TSHZ3		2	2	1.0%
CHD8		2	2	1.0%
ZNF317		2	2	1.0%
KIAA1614		2	2	1.0%
CCDC181		2	2	1.0%
CXCL16		3	2	1.0%
KLHL12		2	2	1.0%
DHX35		2	2	1.0%
PAPPA2		2	2	1.0%
THADA		2	2	1.0%
MCCC2		2	2	1.0%
ADGRL4		3	2	1.0%
GALNT17		2	2	1.0%
RMND5B		2	2	1.0%
EFCAB6		2	2	1.0%
SPATA20		4	2	1.0%
YTHDC2		2	2	1.0%
PLEKHG2		2	2	1.0%
GPBP1		2	2	1.0%
UPF3B		2	2	1.0%
PRAMEF2		2	2	1.0%
ZSWIM4		2	2	1.0%
CAPRIN2		2	2	1.0%
DUSP26		2	2	1.0%
TRPM8		2	2	1.0%
TRIM48		2	2	1.0%
LENG1		2	2	1.0%
OR11H2		2	2	1.0%
ARMH3		2	2	1.0%
ARSJ		2	2	1.0%
IPO4		2	2	1.0%
CCDC7		2	2	1.0%
IQCA1		2	2	1.0%
MYH14		2	2	1.0%
GSTCD		2	2	1.0%
TLE6		2	2	1.0%
METTL8		2	2	1.0%
BORA		2	2	1.0%
ALG13		3	2	1.0%
BTNL8		2	2	1.0%
DNAJC22		2	2	1.0%
DOCK5		2	2	1.0%
DCAF17		2	2	1.0%
CEP290		2	2	1.0%
CHD9		2	2	1.0%
ALPK1		2	2	1.0%
RAB11FIP1		2	2	1.0%
RUFY1		2	2	1.0%
PREX2		2	2	1.0%
EFHC2		2	2	1.0%
GRPEL1		2	2	1.0%
TET1		2	2	1.0%
ABTB1		2	2	1.0%
SEL1L2		2	2	1.0%
INTS5		2	2	1.0%
OR4P4		2	2	1.0%
CSRNP2		2	2	1.0%
ADAMTS12		2	2	1.0%
SBF2		2	2	1.0%
ZNF611		2	2	1.0%
SLC25A31		2	2	1.0%
KATNAL2		2	2	1.0%
GPR101		2	2	1.0%
SELENOO		2	2	1.0%
CRISPLD1		2	2	1.0%
TAF3		2	2	1.0%
USHBP1		2	2	1.0%
TTLL2		2	2	1.0%
LRMDA		2	2	1.0%
QRICH2		3	2	1.0%
FBXO30		2	2	1.0%
CEP78		2	2	1.0%
KIAA1109		2	2	1.0%
NLRC5		2	2	1.0%
SLA2		5	2	1.0%
CHD6		3	2	1.0%
IQCG		2	2	1.0%
PDCD2L		2	2	1.0%
ZNF512		2	2	1.0%
EFCAB7		2	2	1.0%
MEGF10		2	2	1.0%
MCHR2		2	2	1.0%
COL25A1		2	2	1.0%
NTNG2		2	2	1.0%
TNRC18		3	2	1.0%
KIF2B		2	2	1.0%
KDM2B		2	2	1.0%
ZNF577		2	2	1.0%
ZNF607		2	2	1.0%
ORAI1		2	2	1.0%
DISP1		2	2	1.0%
KRTAP4-2		2	2	1.0%
COL27A1		2	2	1.0%
SLC22A16		2	2	1.0%
CNTNAP4		2	2	1.0%
TANC1		2	2	1.0%
NAV1		2	2	1.0%
GLB1L2		2	2	1.0%
EFCAB12		2	2	1.0%
ZNF616		2	2	1.0%
TICRR		2	2	1.0%
ZNF835		2	2	1.0%
SPOCD1		2	2	1.0%
NUP210L		2	2	1.0%
CAPN13		2	2	1.0%
ADAMTSL1		2	2	1.0%
TBC1D31		2	2	1.0%
TJAP1		3	2	1.0%
ARHGAP18		2	2	1.0%
LARP4		2	2	1.0%
SDSL		2	2	1.0%
ZNF257		2	2	1.0%
SIGLEC11		2	2	1.0%
LRRC37B		2	2	1.0%
FMNL2		2	2	1.0%
OSBPL8		2	2	1.0%
PHACTR3		2	2	1.0%
TGM7		2	2	1.0%
ACSM1		2	2	1.0%
WDR17		2	2	1.0%
ARAP2		2	2	1.0%
OR51L1		2	2	1.0%
OR51A7		2	2	1.0%
NXPE2		2	2	1.0%
LRRK2		2	2	1.0%
TMEM132D		2	2	1.0%
SLAIN1		2	2	1.0%
ZC3H18		2	2	1.0%
ZNF792		2	2	1.0%
TCHHL1		2	2	1.0%
ERICH3		2	2	1.0%
LRRIQ3		2	2	1.0%
DCST2		2	2	1.0%
WDR64		2	2	1.0%
IQGAP3		3	2	1.0%
DCBLD2		2	2	1.0%
LRRC15		2	2	1.0%
ERICH6		2	2	1.0%
COL6A6		2	2	1.0%
H1FOO		2	2	1.0%
EVC2		2	2	1.0%
TRAM1L1		2	2	1.0%
EGFLAM		2	2	1.0%
OR2Y1		2	2	1.0%
CD109		2	2	1.0%
C9ORF131		2	2	1.0%
NOL4L		3	2	1.0%
TRPM6		3	2	1.0%
PIWIL4		2	2	1.0%
SPTY2D1		2	2	1.0%
CEP128		2	2	1.0%
OTOA		2	2	1.0%
SLC35F3		2	2	1.0%
CCDC24		2	2	1.0%
CCT8L2		2	2	1.0%
SGO1		2	2	1.0%
SH3RF2		3	2	1.0%
MBOAT1		2	2	1.0%
AMOT		2	2	1.0%
PRAG1		2	2	1.0%
KCNU1		2	2	1.0%
ARHGAP36		2	2	1.0%
TCEAL6		2	2	1.0%
SLC5A8		2	2	1.0%
TRPV3		2	2	1.0%
XIRP1		2	2	1.0%
RNF168		2	2	1.0%
BBS12		2	2	1.0%
ADGRA3		2	2	1.0%
BMPER		2	2	1.0%
SPIN3		2	2	1.0%
ADAMTS18		2	2	1.0%
ABHD3		2	2	1.0%
TTC21A		2	2	1.0%
CC2D1B		2	2	1.0%
CFAP221		2	2	1.0%
PIKFYVE		2	2	1.0%
NSUN6		2	2	1.0%
AK9		2	2	1.0%
TBC1D32		2	2	1.0%
GPRC6A		2	2	1.0%
CADM2		2	2	1.0%
UBN2		2	2	1.0%
LRRC43		2	2	1.0%
CFAP65		2	2	1.0%
NPNT		2	2	1.0%
PAN3		2	2	1.0%
EML3		2	2	1.0%
TCERG1L		2	2	1.0%
C9ORF43		2	2	1.0%
BOD1L1		2	2	1.0%
MAGI3		2	2	1.0%
FDCSP		2	2	1.0%
SAXO2		2	2	1.0%
MEIOC		2	2	1.0%
LAMA1		2	2	1.0%
SSC5D		2	2	1.0%
PRR19		2	2	1.0%
ZNF875		2	2	1.0%
ANKRD34A		2	2	1.0%
CCDC150		2	2	1.0%
HTR3E		2	2	1.0%
TPRG1		2	2	1.0%
POM121L12		2	2	1.0%
FAM133A		2	2	1.0%
LIN9		2	2	1.0%
KY		2	2	1.0%
FAM221A		2	2	1.0%
LRIT2		2	2	1.0%
OR13H1		2	2	1.0%
LRRTM1		2	2	1.0%
ZNF429		2	2	1.0%
GSTK1		2	2	1.0%
EFCAB5		2	2	1.0%
IGFL1		2	2	1.0%
PEAR1		2	2	1.0%
SIMC1		2	2	1.0%
KRTAP10-5		2	2	1.0%
KRTAP10-8		2	2	1.0%
SLC22A10		2	2	1.0%
FLG2		2	2	1.0%
OR5D16		2	2	1.0%
OR5B2		2	2	1.0%
IZUMO1R		2	2	1.0%
C10ORF120		2	2	1.0%
C17ORF97		2	2	1.0%
FSIP2		2	2	1.0%
CCSER1		2	2	1.0%
FAM166A		2	2	1.0%
DUOXA2		2	2	1.0%
OR11H12		2	2	1.0%
PALM2-AKAP2		2	2	1.0%
SPATA31A3		3	2	1.0%
AADAC		1	1	0.5%
AARS		2	1	0.5%
ABCA3		1	1	0.5%
ABCB7		1	1	0.5%
ABCF1		1	1	0.5%
AOC1		1	1	0.5%
ACAA1		1	1	0.5%
ACADS		1	1	0.5%
ACADSB		1	1	0.5%
ACLY		1	1	0.5%
ACO1		1	1	0.5%
ACO2		1	1	0.5%
ACP2		1	1	0.5%
ACTG2		1	1	0.5%
ACTN2		1	1	0.5%
ACVR1B		1	1	0.5%
ACVR2B		1	1	0.5%
ADAR		1	1	0.5%
ADARB1		1	1	0.5%
ADCY1		1	1	0.5%
ADCY2		1	1	0.5%
ADCY3		1	1	0.5%
ADCY5		2	1	0.5%
ADCY6		1	1	0.5%
ADD3		1	1	0.5%
ADH1B		1	1	0.5%
ADORA2A		1	1	0.5%
PARP4		1	1	0.5%
ADRA1A		1	1	0.5%
ADRB2		1	1	0.5%
GRK2		1	1	0.5%
AP1G1		1	1	0.5%
ACAN		1	1	0.5%
AGL		1	1	0.5%
JAG1		1	1	0.5%
AGTR1		1	1	0.5%
APLNR		1	1	0.5%
AHR		1	1	0.5%
ALAS1		1	1	0.5%
ALCAM		1	1	0.5%
ABCD1		1	1	0.5%
ALDH1A3		1	1	0.5%
AMELX		1	1	0.5%
AMPD3		1	1	0.5%
AMPH		1	1	0.5%
ANK3		1	1	0.5%
ANXA2		1	1	0.5%
ANXA6		1	1	0.5%
ANXA7		1	1	0.5%
AOAH		1	1	0.5%
APBA2		1	1	0.5%
APBB1		1	1	0.5%
APLP2		1	1	0.5%
KLK3		7	1	0.5%
SHROOM2		1	1	0.5%
AQP1		1	1	0.5%
AQP5		1	1	0.5%
AQP9		1	1	0.5%
AR		1	1	0.5%
RHOC		2	1	0.5%
ARHGDIB		1	1	0.5%
ARL3		1	1	0.5%
ARNT		1	1	0.5%
ARNTL		3	1	0.5%
ARSE		1	1	0.5%
ARSF		1	1	0.5%
ASMT		1	1	0.5%
ASPH		1	1	0.5%
ASS1		1	1	0.5%
ATF4		1	1	0.5%
ATIC		1	1	0.5%
ATM		1	1	0.5%
ATOH1		1	1	0.5%
ATP1A3		1	1	0.5%
ATP1B1		1	1	0.5%
ATP1B3		1	1	0.5%
ATP2A2		1	1	0.5%
ATP2B4		1	1	0.5%
ATP5F1A		1	1	0.5%
ATP6V1B1		1	1	0.5%
ATP6V1C1		1	1	0.5%
ATP6V0A1		1	1	0.5%
ATR		1	1	0.5%
BAAT		1	1	0.5%
BACH1		1	1	0.5%
ADGRB1		1	1	0.5%
BAX		1	1	0.5%
BCHE		1	1	0.5%
BCL2L2		1	1	0.5%
BCL9		2	1	0.5%
TNFRSF17		1	1	0.5%
BDH1		1	1	0.5%
BDKRB1		1	1	0.5%
BDNF		1	1	0.5%
CFB		1	1	0.5%
BMP3		1	1	0.5%
BMP5		1	1	0.5%
BMP6		1	1	0.5%
BMPR1A		1	1	0.5%
BMX		1	1	0.5%
BNIP1		1	1	0.5%
ZFP36L1		1	1	0.5%
BRS3		1	1	0.5%
BTD		1	1	0.5%
KLF5		1	1	0.5%
BTF3		1	1	0.5%
BTG1		1	1	0.5%
BTN1A1		1	1	0.5%
BUB1		1	1	0.5%
BUB1B		1	1	0.5%
SERPING1		1	1	0.5%
C1QA		1	1	0.5%
C4BPB		1	1	0.5%
C6		1	1	0.5%
C7		1	1	0.5%
OSGIN2		1	1	0.5%
LDLRAD4		1	1	0.5%
CA1		1	1	0.5%
CACNA1A		1	1	0.5%
CACNA1F		1	1	0.5%
CACNA1S		1	1	0.5%
CACNG1		1	1	0.5%
CAD		1	1	0.5%
CALCB		1	1	0.5%
CALCR		1	1	0.5%
CALM3		1	1	0.5%
CAMK4		1	1	0.5%
CAMK2B		1	1	0.5%
CAMK2G		1	1	0.5%
CAPN2		1	1	0.5%
CAPN6		1	1	0.5%
CAPS		1	1	0.5%
CASP3		1	1	0.5%
CASP10		1	1	0.5%
CASQ1		1	1	0.5%
CAT		1	1	0.5%
KYAT1		1	1	0.5%
CCKBR		1	1	0.5%
CCNG2		1	1	0.5%
CCNH		1	1	0.5%
CCNT2		1	1	0.5%
CD3G		1	1	0.5%
CD4		1	1	0.5%
CD5L		1	1	0.5%
MS4A1		1	1	0.5%
CD22		1	1	0.5%
TNFRSF8		1	1	0.5%
TNFSF8		1	1	0.5%
CD34		1	1	0.5%
SCARB1		1	1	0.5%
ENTPD1		1	1	0.5%
ENTPD6		1	1	0.5%
CD69		1	1	0.5%
CD70		1	1	0.5%
CD72		1	1	0.5%
CDK11B		1	1	0.5%
CDH1		1	1	0.5%
CDH3		1	1	0.5%
CDH4		1	1	0.5%
CDH13		1	1	0.5%
CDH16		1	1	0.5%
CDK2		1	1	0.5%
CDK3		1	1	0.5%
CDK7		1	1	0.5%
CDK8		1	1	0.5%
CDKN2D		1	1	0.5%
CDX4		1	1	0.5%
CEACAM5		1	1	0.5%
CENPB		1	1	0.5%
CENPE		1	1	0.5%
CFTR		1	1	0.5%
CEACAM3		1	1	0.5%
CHAT		1	1	0.5%
CHD1		1	1	0.5%
CHD2		1	1	0.5%
CHD3		1	1	0.5%
CHIT1		1	1	0.5%
LYST		1	1	0.5%
CHRM5		1	1	0.5%
CHRNB4		1	1	0.5%
CHUK		1	1	0.5%
CLCN2		2	1	0.5%
CLCN3		1	1	0.5%
CLCN5		1	1	0.5%
CLCN6		1	1	0.5%
CLK3		1	1	0.5%
CLN3		1	1	0.5%
CLPTM1		1	1	0.5%
CCR3		1	1	0.5%
CCR7		1	1	0.5%
ACKR2		1	1	0.5%
CNGA2		1	1	0.5%
CNGA3		1	1	0.5%
CNN1		1	1	0.5%
COL3A1		1	1	0.5%
COL4A1		1	1	0.5%
COL4A5		1	1	0.5%
COL5A1		1	1	0.5%
COL6A3		1	1	0.5%
COL13A1		1	1	0.5%
COL16A1		1	1	0.5%
COL19A1		1	1	0.5%
COX11		1	1	0.5%
CP		1	1	0.5%
CPA1		1	1	0.5%
CPA3		1	1	0.5%
CPB2		1	1	0.5%
CPN2		1	1	0.5%
CPOX		1	1	0.5%
CPT2		1	1	0.5%
CR1		1	1	0.5%
CR1L		1	1	0.5%
CR2		1	1	0.5%
CREM		1	1	0.5%
CRHBP		1	1	0.5%
CRY1		1	1	0.5%
CSHL1		1	1	0.5%
CSNK1D		1	1	0.5%
VCAN		1	1	0.5%
NCAN		2	1	0.5%
CSPG4		1	1	0.5%
SLC25A10		1	1	0.5%
CST2		1	1	0.5%
CST4		1	1	0.5%
CST6		1	1	0.5%
CSTF2		1	1	0.5%
CTF1		1	1	0.5%
CTSB		1	1	0.5%
CTSG		1	1	0.5%
CTSK		1	1	0.5%
CTSS		1	1	0.5%
CTSZ		1	1	0.5%
CX3CR1		1	1	0.5%
CYC1		1	1	0.5%
CYLC1		1	1	0.5%
CYLC2		1	1	0.5%
CYP2A13		1	1	0.5%
CYP2B6		1	1	0.5%
CYP2C19		1	1	0.5%
CYP2C18		1	1	0.5%
CYP3A5		1	1	0.5%
CYP19A1		1	1	0.5%
CYP26A1		1	1	0.5%
DAG1		1	1	0.5%
DGKG		1	1	0.5%
DAO		1	1	0.5%
DCTD		1	1	0.5%
ACE		1	1	0.5%
DCT		1	1	0.5%
AKR1C1		1	1	0.5%
DDOST		1	1	0.5%
DDX1		1	1	0.5%
DDX3X		1	1	0.5%
DECR1		1	1	0.5%
DHCR7		1	1	0.5%
DIAPH2		1	1	0.5%
DIO2		1	1	0.5%
DLG4		1	1	0.5%
DLX3		1	1	0.5%
DNM1		1	1	0.5%
DNM2		1	1	0.5%
DNMT1		2	1	0.5%
DOCK1		1	1	0.5%
DOCK3		1	1	0.5%
DPAGT1		1	1	0.5%
DPH2		1	1	0.5%
DPT		1	1	0.5%
DPYSL3		1	1	0.5%
SLC26A3		1	1	0.5%
DRP2		1	1	0.5%
ATN1		1	1	0.5%
DSC2		1	1	0.5%
DSC3		1	1	0.5%
DSG3		1	1	0.5%
DTNA		1	1	0.5%
ECM2		1	1	0.5%
DVL2		1	1	0.5%
DVL3		1	1	0.5%
DYRK1A		1	1	0.5%
GPR183		1	1	0.5%
PHC1		1	1	0.5%
EEF1A1		1	1	0.5%
EPHA2		1	1	0.5%
EIF4A2		1	1	0.5%
EIF4G2		1	1	0.5%
ELANE		1	1	0.5%
ELAVL1		1	1	0.5%
ELN		1	1	0.5%
ADGRE1		2	1	0.5%
ENO2		1	1	0.5%
ENO3		1	1	0.5%
EPB41L2		1	1	0.5%
EPB42		1	1	0.5%
EPHA3		1	1	0.5%
EPHA7		1	1	0.5%
EPHA8		1	1	0.5%
EPHB1		1	1	0.5%
EPHB2		1	1	0.5%
EPOR		1	1	0.5%
EPS8		1	1	0.5%
ERBB2		1	1	0.5%
ERBB4		1	1	0.5%
ERCC1		1	1	0.5%
EYA4		1	1	0.5%
ETF1		1	1	0.5%
ETV1		1	1	0.5%
ETV4		1	1	0.5%
EVC		1	1	0.5%
EWSR1		1	1	0.5%
EXT1		1	1	0.5%
F9		1	1	0.5%
F13B		1	1	0.5%
FAAH		1	1	0.5%
FABP6		1	1	0.5%
FANCC		1	1	0.5%
BPTF		1	1	0.5%
FBN2		1	1	0.5%
FCGR3A		1	1	0.5%
FCGRT		1	1	0.5%
FKTN		1	1	0.5%
GPC4		1	1	0.5%
FGF4		1	1	0.5%
FGF10		1	1	0.5%
FGF11		1	1	0.5%
FGF13		1	1	0.5%
FGFR3		1	1	0.5%
FGFR2		1	1	0.5%
FGG		1	1	0.5%
FH		1	1	0.5%
FOXG1		1	1	0.5%
FOXI1		2	1	0.5%
FOXM1		1	1	0.5%
FOXO1		1	1	0.5%
FLNA		1	1	0.5%
FLNC		1	1	0.5%
FLOT2		1	1	0.5%
FMO2		1	1	0.5%
FMO3		1	1	0.5%
FMR1		1	1	0.5%
AFF2		1	1	0.5%
FNTB		2	1	0.5%
FOLH1		1	1	0.5%
FRZB		1	1	0.5%
ADAM2		1	1	0.5%
FUT6		1	1	0.5%
G6PC		1	1	0.5%
GABRA4		1	1	0.5%
GABRB1		1	1	0.5%
GABRG2		1	1	0.5%
GABRR1		1	1	0.5%
GABRR2		1	1	0.5%
GAD1		1	1	0.5%
B4GALNT1		1	1	0.5%
GANC		1	1	0.5%
GART		1	1	0.5%
GBP1		1	1	0.5%
GC		1	1	0.5%
GDF10		1	1	0.5%
GFI1		1	1	0.5%
GHR		1	1	0.5%
GJA4		1	1	0.5%
GK2		1	1	0.5%
GCLC		1	1	0.5%
GLRA1		1	1	0.5%
GLRA2		1	1	0.5%
GLRB		1	1	0.5%
GLRX		1	1	0.5%
GML		1	1	0.5%
GNAI2		1	1	0.5%
GNAS		1	1	0.5%
GNB1		1	1	0.5%
GNB3		1	1	0.5%
GNRHR		1	1	0.5%
GNS		1	1	0.5%
GOLGA2		1	1	0.5%
GOLGA3		2	1	0.5%
GOT1		1	1	0.5%
GOT2		2	1	0.5%
GPM6B		1	1	0.5%
CCR10		1	1	0.5%
GPR6		1	1	0.5%
GPR15		1	1	0.5%
GPR21		1	1	0.5%
MKNK2		1	1	0.5%
GPS2		1	1	0.5%
GPX2		1	1	0.5%
GRB10		1	1	0.5%
GRIK1		1	1	0.5%
GRIK3		1	1	0.5%
GRIK5		1	1	0.5%
GRIN2C		1	1	0.5%
GRIN2D		1	1	0.5%
GRM1		1	1	0.5%
GRM2		1	1	0.5%
GRM4		1	1	0.5%
GRM6		1	1	0.5%
PDIA3		1	1	0.5%
GSPT1		1	1	0.5%
GSTM3		1	1	0.5%
MSH6		1	1	0.5%
GTF2E1		1	1	0.5%
GTF2F2		1	1	0.5%
GTF2H1		1	1	0.5%
GTF2H4		1	1	0.5%
GTF3A		1	1	0.5%
GUCY1A2		1	1	0.5%
GUCA1A		1	1	0.5%
GUCA2A		1	1	0.5%
GUCY1A1		1	1	0.5%
GUCY2C		1	1	0.5%
GYS1		1	1	0.5%
GUCY2D		1	1	0.5%
GZMB		1	1	0.5%
H2AFX		1	1	0.5%
HABP2		1	1	0.5%
HADH		1	1	0.5%
HAL		1	1	0.5%
HARS		1	1	0.5%
HBE1		1	1	0.5%
HBG1		1	1	0.5%
HCCS		1	1	0.5%
HCFC1		1	1	0.5%
HCLS1		1	1	0.5%
HDAC2		1	1	0.5%
HDLBP		1	1	0.5%
HELLS		1	1	0.5%
CFHR2		1	1	0.5%
HIP1		1	1	0.5%
HINT1		1	1	0.5%
HIVEP2		1	1	0.5%
HK1		1	1	0.5%
HLA-B		1	1	0.5%
HLA-DQA2		1	1	0.5%
HLA-DRB1		1	1	0.5%
HMBS		1	1	0.5%
HMGB1		1	1	0.5%
HMMR		1	1	0.5%
HNF4A		1	1	0.5%
HNF4G		1	1	0.5%
HNRNPF		1	1	0.5%
HNRNPH1		1	1	0.5%
HNRNPH3		1	1	0.5%
HOXA5		1	1	0.5%
HOXA9		1	1	0.5%
HPCA		1	1	0.5%
HOXC4		1	1	0.5%
HOXC5		1	1	0.5%
HOXC8		1	1	0.5%
HPS1		1	1	0.5%
PRMT1		1	1	0.5%
HSD11B1		1	1	0.5%
HSD17B1		1	1	0.5%
HSD17B4		1	1	0.5%
HSPA8		1	1	0.5%
DNAJB1		1	1	0.5%
HTR5A		1	1	0.5%
HTR7		1	1	0.5%
IARS		1	1	0.5%
ICAM3		1	1	0.5%
IDE		1	1	0.5%
IDH3A		1	1	0.5%
IDI1		1	1	0.5%
IFIT3		1	1	0.5%
IFNAR1		1	1	0.5%
IFNGR1		1	1	0.5%
IFRD1		1	1	0.5%
IGF2		1	1	0.5%
IGF2R		1	1	0.5%
IGHE		1	1	0.5%
IGHG3		1	1	0.5%
IGHG4		1	1	0.5%
IGHMBP2		1	1	0.5%
JCHAIN		1	1	0.5%
IGKC		1	1	0.5%
RBPJ		1	1	0.5%
IL1B		1	1	0.5%
IL1R1		1	1	0.5%
IL4R		2	1	0.5%
IL6R		1	1	0.5%
IL12A		1	1	0.5%
ILF3		1	1	0.5%
IMPA2		1	1	0.5%
IMPG1		1	1	0.5%
IDO1		1	1	0.5%
INHBB		1	1	0.5%
CXCL10		1	1	0.5%
INPP4A		1	1	0.5%
INPP5B		1	1	0.5%
INPP5D		1	1	0.5%
EIF3E		1	1	0.5%
IRAK1		1	1	0.5%
IRF1		1	1	0.5%
IRF2		1	1	0.5%
ISLR		1	1	0.5%
ITGA3		1	1	0.5%
ITGA4		1	1	0.5%
ITGA5		1	1	0.5%
ITGA7		1	1	0.5%
ITGAE		1	1	0.5%
ITGAL		1	1	0.5%
ITGAX		1	1	0.5%
ITGB3		1	1	0.5%
ITGB5		1	1	0.5%
ITIH1		1	1	0.5%
ITPR1		1	1	0.5%
IVD		1	1	0.5%
JAK2		1	1	0.5%
JAK3		1	1	0.5%
JARID2		1	1	0.5%
KCNA2		1	1	0.5%
KCNA3		1	1	0.5%
KCNA5		1	1	0.5%
KCNC1		1	1	0.5%
KCND2		1	1	0.5%
KCND3		1	1	0.5%
KCNJ5		1	1	0.5%
KCNJ6		1	1	0.5%
KCNJ8		1	1	0.5%
KCNMA1		1	1	0.5%
KCNN2		1	1	0.5%
KCNN3		1	1	0.5%
KCNQ2		1	1	0.5%
KCNQ3		1	1	0.5%
KCNS2		1	1	0.5%
KIF3C		1	1	0.5%
KIF5A		1	1	0.5%
KIR3DL1		1	1	0.5%
KIFC1		1	1	0.5%
KIF22		1	1	0.5%
KRT4		1	1	0.5%
KRT12		1	1	0.5%
KRT19		1	1	0.5%
KRT34		1	1	0.5%
KRT35		1	1	0.5%
KRT85		1	1	0.5%
LAMA4		1	1	0.5%
LAMA5		1	1	0.5%
LAMC1		1	1	0.5%
LASP1		1	1	0.5%
LBR		1	1	0.5%
LCP2		1	1	0.5%
LDHB		1	1	0.5%
LDHC		1	1	0.5%
LETM1		1	1	0.5%
LGALS4		1	1	0.5%
LIMS1		1	1	0.5%
LMO7		1	1	0.5%
LMX1A		1	1	0.5%
LMX1B		1	1	0.5%
LOXL2		1	1	0.5%
LPA		2	1	0.5%
LRP6		1	1	0.5%
LTA4H		1	1	0.5%
LTBP3		1	1	0.5%
LTF		1	1	0.5%
BCAM		1	1	0.5%
LUM		1	1	0.5%
LY9		1	1	0.5%
SH2D1A		1	1	0.5%
NBR1		1	1	0.5%
SMAD4		1	1	0.5%
SMAD7		1	1	0.5%
SMAD9		1	1	0.5%
MAGEA4		1	1	0.5%
MAN2A2		1	1	0.5%
MAN2B1		1	1	0.5%
MAP4		1	1	0.5%
MAP6		1	1	0.5%
MARK1		1	1	0.5%
MARS		1	1	0.5%
MAX		1	1	0.5%
MBD1		1	1	0.5%
MC3R		1	1	0.5%
MCM2		2	1	0.5%
MCM5		1	1	0.5%
MDFI		1	1	0.5%
ME1		1	1	0.5%
MAP3K4		1	1	0.5%
MAP3K5		1	1	0.5%
MFAP3		1	1	0.5%
MGAT5		1	1	0.5%
MIA2		1	1	0.5%
CIITA		1	1	0.5%
MICB		2	1	0.5%
MAP3K11		1	1	0.5%
MLLT3		1	1	0.5%
AFDN		1	1	0.5%
NR3C2		1	1	0.5%
MME		1	1	0.5%
MMP2		1	1	0.5%
MMP7		1	1	0.5%
MMP8		1	1	0.5%
MMP13		1	1	0.5%
ALDH6A1		1	1	0.5%
MN1		1	1	0.5%
MNDA		1	1	0.5%
MOG		1	1	0.5%
MOV10		1	1	0.5%
MPL		1	1	0.5%
MRC1		1	1	0.5%
MRE11		1	1	0.5%
MSH3		1	1	0.5%
MSH5		1	1	0.5%
MSN		1	1	0.5%
MST1		1	1	0.5%
MSX2		1	1	0.5%
MTM1		1	1	0.5%
MYO1F		1	1	0.5%
MTNR1A		1	1	0.5%
MTR		1	1	0.5%
MUC5AC		1	1	0.5%
MUC6		1	1	0.5%
MUC7		1	1	0.5%
MX1		1	1	0.5%
MYB		1	1	0.5%
MYBPC1		1	1	0.5%
MYBL2		1	1	0.5%
MYCL		1	1	0.5%
MYF5		1	1	0.5%
MYH1		1	1	0.5%
MYH4		1	1	0.5%
MYH8		1	1	0.5%
MYL1		1	1	0.5%
MYO1D		1	1	0.5%
MYO5A		1	1	0.5%
MYO5B		1	1	0.5%
MYO6		1	1	0.5%
MYOC		1	1	0.5%
NARS		2	1	0.5%
NASP		1	1	0.5%
NUBP1		1	1	0.5%
NCL		1	1	0.5%
NDUFS1		1	1	0.5%
NFATC4		1	1	0.5%
NFE2L1		1	1	0.5%
NFIC		1	1	0.5%
TONSL		1	1	0.5%
NFRKB		1	1	0.5%
NFX1		1	1	0.5%
NHS		1	1	0.5%
NKG7		1	1	0.5%
NODAL		1	1	0.5%
NONO		1	1	0.5%
NOS2		1	1	0.5%
CNOT2		1	1	0.5%
CNOT4		1	1	0.5%
NOTCH1		1	1	0.5%
NOTCH3		1	1	0.5%
NPAS1		1	1	0.5%
NPAS2		1	1	0.5%
NPR1		1	1	0.5%
NPR2		1	1	0.5%
NRAP		1	1	0.5%
NRF1		1	1	0.5%
NRTN		1	1	0.5%
NTRK3		1	1	0.5%
ROR1		1	1	0.5%
ROR2		1	1	0.5%
NUCB1		1	1	0.5%
NUCB2		1	1	0.5%
NUP88		1	1	0.5%
NR4A2		1	1	0.5%
NVL		1	1	0.5%
OAS1		1	1	0.5%
OAS2		1	1	0.5%
OAS3		1	1	0.5%
OAT		1	1	0.5%
OCRL		1	1	0.5%
ODF1		1	1	0.5%
OMG		1	1	0.5%
OPRM1		1	1	0.5%
OR3A2		1	1	0.5%
CLDN11		1	1	0.5%
OVGP1		1	1	0.5%
OXA1L		1	1	0.5%
OXCT1		1	1	0.5%
P2RX7		1	1	0.5%
P2RY6		2	1	0.5%
PA2G4		1	1	0.5%
PABPC3		1	1	0.5%
FURIN		1	1	0.5%
PAH		1	1	0.5%
PAK3		1	1	0.5%
PAX3		1	1	0.5%
PAX5		1	1	0.5%
PBX1		1	1	0.5%
PCCB		1	1	0.5%
PCK2		1	1	0.5%
PCM1		1	1	0.5%
PCSK2		1	1	0.5%
PDCD2		1	1	0.5%
PDE4D		1	1	0.5%
PDE9A		1	1	0.5%
PDE1B		1	1	0.5%
PDGFRA		1	1	0.5%
PDGFRB		1	1	0.5%
PDHA2		1	1	0.5%
PDK4		1	1	0.5%
ENPP2		1	1	0.5%
ENPP3		1	1	0.5%
PEG3		1	1	0.5%
PEX1		1	1	0.5%
PEX6		1	1	0.5%
PEX13		1	1	0.5%
PFKFB1		1	1	0.5%
PFKFB3		1	1	0.5%
PFN1		1	1	0.5%
PGAM1		1	1	0.5%
PGAM2		1	1	0.5%
PGD		1	1	0.5%
PGM3		1	1	0.5%
ABCB1		1	1	0.5%
PHF1		1	1	0.5%
PHKB		1	1	0.5%
PHKG1		1	1	0.5%
PHYH		1	1	0.5%
SERPINA1		1	1	0.5%
SERPINA4		1	1	0.5%
PIK3R2		1	1	0.5%
PI4KA		1	1	0.5%
PI4KB		1	1	0.5%
PITX2		1	1	0.5%
PKNOX1		1	1	0.5%
PKP2		1	1	0.5%
PLA2G4A		1	1	0.5%
PLAGL1		1	1	0.5%
PLCB3		1	1	0.5%
PLCB4		1	1	0.5%
PLCG2		1	1	0.5%
PLD1		1	1	0.5%
PLEC		1	1	0.5%
PLG		1	1	0.5%
SERPINF2		1	1	0.5%
PLP2		1	1	0.5%
PLRG1		1	1	0.5%
PMS1		1	1	0.5%
PMS2		1	1	0.5%
POLA1		1	1	0.5%
POLE2		1	1	0.5%
POLG		1	1	0.5%
POLR2A		1	1	0.5%
POLR2B		1	1	0.5%
POLR2E		1	1	0.5%
POLRMT		1	1	0.5%
POU3F2		1	1	0.5%
POU5F1		1	1	0.5%
MED1		1	1	0.5%
PPEF2		1	1	0.5%
PPEF1		1	1	0.5%
PPP1R10		1	1	0.5%
PPP2R1B		1	1	0.5%
PPP2R2B		1	1	0.5%
PPP2R3A		1	1	0.5%
PPP2R5E		3	1	0.5%
PPP3R2		1	1	0.5%
PPT1		1	1	0.5%
PRB1		1	1	0.5%
PRH2		1	1	0.5%
PRIM2		1	1	0.5%
PRKAA1		1	1	0.5%
PKIB		1	1	0.5%
PRKCB		1	1	0.5%
PRKCG		1	1	0.5%
PKN1		1	1	0.5%
PRKD1		1	1	0.5%
PRKCQ		1	1	0.5%
PRKDC		1	1	0.5%
PRKG1		1	1	0.5%
PRKG2		1	1	0.5%
MAPK8		1	1	0.5%
MAPK13		1	1	0.5%
THAP12		1	1	0.5%
PRPS1		1	1	0.5%
PRPS2		1	1	0.5%
PRPSAP1		1	1	0.5%
PRRG1		1	1	0.5%
PRSS1		1	1	0.5%
PRSS2		1	1	0.5%
KLK7		1	1	0.5%
KLK6		1	1	0.5%
PSG3		1	1	0.5%
PSG7		1	1	0.5%
PSG11		1	1	0.5%
PSMB10		1	1	0.5%
PSMC6		1	1	0.5%
PSMD5		1	1	0.5%
PSMD10		1	1	0.5%
PSMD11		1	1	0.5%
PTGER2		1	1	0.5%
PTGIS		1	1	0.5%
PTH1R		1	1	0.5%
PTK2		1	1	0.5%
PTK7		1	1	0.5%
QSOX1		1	1	0.5%
PTPRD		1	1	0.5%
PTPRF		1	1	0.5%
PTPRG		1	1	0.5%
PTPRH		1	1	0.5%
PTPRJ		1	1	0.5%
PTPRN		1	1	0.5%
PTPRO		1	1	0.5%
PTPRR		1	1	0.5%
PTPRS		1	1	0.5%
PTPRZ1		1	1	0.5%
RAD1		1	1	0.5%
NECTIN1		1	1	0.5%
PWP2		1	1	0.5%
PEX19		1	1	0.5%
PYGB		1	1	0.5%
RAB2A		1	1	0.5%
RGL2		1	1	0.5%
RAD23A		1	1	0.5%
RAD51		1	1	0.5%
RAG1		1	1	0.5%
RAP1B		1	1	0.5%
RARRES1		1	1	0.5%
RASGRF1		1	1	0.5%
ARID4A		1	1	0.5%
RBBP6		1	1	0.5%
RBBP8		1	1	0.5%
RBP3		1	1	0.5%
RECQL		1	1	0.5%
UPF1		1	1	0.5%
REST		1	1	0.5%
RET		1	1	0.5%
RFC4		1	1	0.5%
RFPL1		1	1	0.5%
RFX3		1	1	0.5%
RFX4		1	1	0.5%
RGS1		1	1	0.5%
RGS3		1	1	0.5%
RGS16		1	1	0.5%
RHO		1	1	0.5%
RNASE4		1	1	0.5%
RNF5		1	1	0.5%
ROM1		1	1	0.5%
RPL6		1	1	0.5%
RPL9		1	1	0.5%
RPL10		1	1	0.5%
RPL27		1	1	0.5%
RPL32		2	1	0.5%
RPL37		1	1	0.5%
RPN1		1	1	0.5%
RPN2		1	1	0.5%
RPS4X		1	1	0.5%
RPS5		1	1	0.5%
RPS6KB2		1	1	0.5%
RPS12		1	1	0.5%
RRAS		1	1	0.5%
RRBP1		1	1	0.5%
RS1		1	1	0.5%
CLIP1		1	1	0.5%
RYR2		1	1	0.5%
S100A1		1	1	0.5%
SAG		1	1	0.5%
SARS		1	1	0.5%
MSMO1		1	1	0.5%
ATXN7		1	1	0.5%
SERPINB4		1	1	0.5%
CLEC11A		1	1	0.5%
SCN1B		1	1	0.5%
SCN9A		1	1	0.5%
SCN10A		1	1	0.5%
SCNN1A		1	1	0.5%
SCTR		1	1	0.5%
CCL11		1	1	0.5%
CCL14		1	1	0.5%
CCL16		1	1	0.5%
CCL17		1	1	0.5%
CCL20		1	1	0.5%
CCL21		1	1	0.5%
SELPLG		1	1	0.5%
SEMG2		1	1	0.5%
SFRP4		1	1	0.5%
SRSF6		1	1	0.5%
TRA2B		1	1	0.5%
SH3BP2		1	1	0.5%
SHB		1	1	0.5%
ST3GAL2		1	1	0.5%
ST3GAL3		1	1	0.5%
PMEL		1	1	0.5%
SIX3		1	1	0.5%
SKIV2L		1	1	0.5%
SLC1A1		1	1	0.5%
SLC4A3		1	1	0.5%
SLC1A6		1	1	0.5%
SLC5A2		1	1	0.5%
SLC6A3		1	1	0.5%
SLC6A6		1	1	0.5%
SLC6A13		1	1	0.5%
SLC8A2		1	1	0.5%
SLC8A3		1	1	0.5%
SLC12A1		1	1	0.5%
SLC12A3		1	1	0.5%
SLC13A1		1	1	0.5%
SLC15A2		1	1	0.5%
SLC34A1		1	1	0.5%
SLC18A1		1	1	0.5%
SLC20A2		1	1	0.5%
SLC22A2		1	1	0.5%
SLPI		1	1	0.5%
SMARCA4		1	1	0.5%
SMS		1	1	0.5%
SNRPA1		1	1	0.5%
SNRPD1		1	1	0.5%
SNRPN		1	1	0.5%
SNX1		1	1	0.5%
SNX2		1	1	0.5%
SOAT1		1	1	0.5%
SON		1	1	0.5%
SOS1		1	1	0.5%
SOS2		2	1	0.5%
SOX5		1	1	0.5%
SP2		2	1	0.5%
UAP1		1	1	0.5%
SPAG4		1	1	0.5%
SPAM1		1	1	0.5%
SPARC		1	1	0.5%
SPTA1		1	1	0.5%
SPTBN1		1	1	0.5%
SPTBN2		1	1	0.5%
SREBF1		1	1	0.5%
SRPK2		1	1	0.5%
SRY		1	1	0.5%
SSTR4		1	1	0.5%
ST5		1	1	0.5%
ST14		1	1	0.5%
STAT2		1	1	0.5%
STAT4		1	1	0.5%
STAT5A		1	1	0.5%
STAT6		1	1	0.5%
CDKL5		1	1	0.5%
AURKC		1	1	0.5%
STXBP1		1	1	0.5%
STXBP3		1	1	0.5%
SULT1C2		1	1	0.5%
SUOX		1	1	0.5%
ABCC8		1	1	0.5%
SURF1		1	1	0.5%
SUV39H1		1	1	0.5%
SVIL		1	1	0.5%
SYK		2	1	0.5%
SYT1		1	1	0.5%
SYT5		1	1	0.5%
TAF2		1	1	0.5%
TAF4B		1	1	0.5%
TAGLN		1	1	0.5%
TAF5		1	1	0.5%
MAP3K7		1	1	0.5%
TAP2		1	1	0.5%
TARBP2		1	1	0.5%
TAT		1	1	0.5%
CNTN2		1	1	0.5%
TBL1X		1	1	0.5%
TBX15		1	1	0.5%
TCF4		1	1	0.5%
TCF7		1	1	0.5%
VPS72		1	1	0.5%
TRGV9		1	1	0.5%
TCTE3		1	1	0.5%
DYNLT1		1	1	0.5%
TDGF1		1	1	0.5%
PRDX2		1	1	0.5%
TEP1		1	1	0.5%
TERF1		1	1	0.5%
TERF2		1	1	0.5%
TF		1	1	0.5%
TFAM		1	1	0.5%
TFE3		1	1	0.5%
TFRC		1	1	0.5%
TGFBI		1	1	0.5%
TGM4		1	1	0.5%
TGFBR2		1	1	0.5%
TGIF1		1	1	0.5%
TGM2		1	1	0.5%
TCHH		1	1	0.5%
THRA		1	1	0.5%
THRB		1	1	0.5%
ICAM5		1	1	0.5%
TLE3		1	1	0.5%
TLE4		1	1	0.5%
SEC62		1	1	0.5%
TLR2		1	1	0.5%
TLR4		1	1	0.5%
GPR137B		1	1	0.5%
TM7SF2		1	1	0.5%
TNNC2		1	1	0.5%
TNR		1	1	0.5%
TOP1		1	1	0.5%
TOP3A		1	1	0.5%
TP73		1	1	0.5%
TPD52L2		1	1	0.5%
TPI1		1	1	0.5%
TPM3		1	1	0.5%
TPO		1	1	0.5%
NR2C1		1	1	0.5%
NR2C2		1	1	0.5%
TRAF1		1	1	0.5%
TRIO		1	1	0.5%
TRO		1	1	0.5%
TRPC1		1	1	0.5%
TRPC3		1	1	0.5%
TRPC4		1	1	0.5%
TRPS1		1	1	0.5%
TSG101		1	1	0.5%
TSHR		1	1	0.5%
DNAJC7		1	1	0.5%
TTK		1	1	0.5%
TTPA		1	1	0.5%
TUB		1	1	0.5%
TUFT1		1	1	0.5%
TULP1		1	1	0.5%
UBE2G2		1	1	0.5%
UBE2H		1	1	0.5%
UBE2V2		1	1	0.5%
UBP1		1	1	0.5%
UGP2		1	1	0.5%
UCK2		1	1	0.5%
UQCRC1		1	1	0.5%
UROD		1	1	0.5%
UTRN		1	1	0.5%
UTY		1	1	0.5%
UVRAG		1	1	0.5%
VARS		1	1	0.5%
VASP		1	1	0.5%
VAV1		1	1	0.5%
VCAM1		1	1	0.5%
VCP		1	1	0.5%
VDAC1		1	1	0.5%
VIL1		1	1	0.5%
VIPR1		1	1	0.5%
VLDLR		1	1	0.5%
VTN		1	1	0.5%
WARS		1	1	0.5%
WIPF1		1	1	0.5%
CLIP2		1	1	0.5%
WEE1		1	1	0.5%
WNT2B		2	1	0.5%
WRN		1	1	0.5%
XPC		1	1	0.5%
XPNPEP1		1	1	0.5%
XRCC1		2	1	0.5%
ZAP70		1	1	0.5%
ZFY		1	1	0.5%
ZNF8		1	1	0.5%
ZNF14		1	1	0.5%
ZNF16		1	1	0.5%
ZNF24		1	1	0.5%
ZSCAN20		2	1	0.5%
ZNF37A		1	1	0.5%
ZSCAN21		1	1	0.5%
ZNF43		1	1	0.5%
ZNF70		1	1	0.5%
ZNF74		1	1	0.5%
ZNF79		1	1	0.5%
ZNF90		1	1	0.5%
ZNF99		1	1	0.5%
ZNF222		1	1	0.5%
MKRN3		1	1	0.5%
ZNF132		1	1	0.5%
ZNF142		1	1	0.5%
ZBTB16		1	1	0.5%
ZNF148		1	1	0.5%
ZNF180		1	1	0.5%
ZNF205		1	1	0.5%
ZNF207		1	1	0.5%
ZNF213		1	1	0.5%
ZNF214		1	1	0.5%
ZNF225		1	1	0.5%
SLC30A3		1	1	0.5%
ZYX		1	1	0.5%
PRDM2		1	1	0.5%
LRP8		1	1	0.5%
CSDE1		1	1	0.5%
TUBA1A		1	1	0.5%
BRPF1		1	1	0.5%
SLMAP		1	1	0.5%
ST8SIA4		1	1	0.5%
SLC39A7		1	1	0.5%
OR2H2		1	1	0.5%
TFEB		1	1	0.5%
ARHGEF5		1	1	0.5%
CUBN		1	1	0.5%
NCOA4		1	1	0.5%
RASSF7		1	1	0.5%
KMT2D		1	1	0.5%
TCL1A		1	1	0.5%
AP3B2		1	1	0.5%
ST8SIA2		1	1	0.5%
AKAP1		1	1	0.5%
SYMPK		1	1	0.5%
GDF5		1	1	0.5%
SYN3		1	1	0.5%
USP11		1	1	0.5%
KDM5D		1	1	0.5%
TRRAP		1	1	0.5%
FZD1		1	1	0.5%
HIST1H2AL		1	1	0.5%
HIST1H2BM		1	1	0.5%
HIST1H3D		1	1	0.5%
OR1G1		1	1	0.5%
SPARCL1		1	1	0.5%
EEA1		1	1	0.5%
BCAR3		1	1	0.5%
STX7		2	1	0.5%
SOAT2		1	1	0.5%
GNPAT		1	1	0.5%
DHX16		1	1	0.5%
CUL3		1	1	0.5%
CDC42BPA		1	1	0.5%
RAE1		1	1	0.5%
GEMIN2		1	1	0.5%
PRSS12		1	1	0.5%
PPFIBP2		1	1	0.5%
PPFIA2		1	1	0.5%
CNTNAP1		1	1	0.5%
ENC1		1	1	0.5%
NIPSNAP1		1	1	0.5%
ELP1		1	1	0.5%
HAT1		1	1	0.5%
GAS7		1	1	0.5%
DGKD		2	1	0.5%
DDO		1	1	0.5%
CYP4F2		1	1	0.5%
CAMK1		1	1	0.5%
BCAS1		1	1	0.5%
PPFIA3		1	1	0.5%
APOL1		1	1	0.5%
MAPKAPK5		1	1	0.5%
BHLHE40		1	1	0.5%
CDC14B		1	1	0.5%
CDC14A		1	1	0.5%
THOC5		1	1	0.5%
MADD		1	1	0.5%
MKNK1		1	1	0.5%
KHSRP		1	1	0.5%
AKR7A2		1	1	0.5%
PLA2G4C		1	1	0.5%
PLPP1		1	1	0.5%
STC2		1	1	0.5%
CDK13		1	1	0.5%
PDE8B		1	1	0.5%
SKAP1		4	1	0.5%
DCHS1		1	1	0.5%
ABCB11		1	1	0.5%
PDE5A		1	1	0.5%
ALDH4A1		1	1	0.5%
BECN1		1	1	0.5%
HYAL2		1	1	0.5%
CDC23		1	1	0.5%
S1PR4		1	1	0.5%
B4GALT2		1	1	0.5%
B3GALT4		1	1	0.5%
SERPINB7		1	1	0.5%
TNK1		1	1	0.5%
ABCC3		1	1	0.5%
MBTPS1		1	1	0.5%
ADAM19		1	1	0.5%
GBF1		1	1	0.5%
RNMT		1	1	0.5%
TNFSF14		1	1	0.5%
NAPA		1	1	0.5%
SIGLEC5		1	1	0.5%
TNFRSF11A		2	1	0.5%
DYRK4		1	1	0.5%
TRIM24		1	1	0.5%
IL1RL2		1	1	0.5%
DPM1		1	1	0.5%
DCAF5		1	1	0.5%
GMPS		1	1	0.5%
CCN4		1	1	0.5%
HDAC3		1	1	0.5%
KSR1		1	1	0.5%
ALKBH1		1	1	0.5%
KAT2B		1	1	0.5%
AKAP4		1	1	0.5%
ASAP2		1	1	0.5%
LDB1		1	1	0.5%
PER3		1	1	0.5%
SYNJ2		1	1	0.5%
SGPL1		1	1	0.5%
CDC16		1	1	0.5%
SLC5A6		1	1	0.5%
EIF2B3		1	1	0.5%
EIF2B5		1	1	0.5%
PRPF4B		1	1	0.5%
AP1G2		1	1	0.5%
GYG2		1	1	0.5%
CACNA1I		1	1	0.5%
CACNA1G		1	1	0.5%
HERC2		1	1	0.5%
MBD2		1	1	0.5%
SNORD73A		1	1	0.5%
HIST1H3F		1	1	0.5%
CHRNA6		1	1	0.5%
P4HA2		1	1	0.5%
LIMD1		1	1	0.5%
KALRN		1	1	0.5%
MPZL1		1	1	0.5%
CH25H		1	1	0.5%
NAT8		1	1	0.5%
SEMA5A		1	1	0.5%
DOK2		1	1	0.5%
SLC7A7		1	1	0.5%
PAPSS2		1	1	0.5%
PAPSS1		1	1	0.5%
CLDN2		1	1	0.5%
CLDN1		1	1	0.5%
TBX18		1	1	0.5%
USP10		1	1	0.5%
MTMR4		1	1	0.5%
LATS1		1	1	0.5%
SLC16A6		2	1	0.5%
PRPF3		1	1	0.5%
AIFM1		1	1	0.5%
RABEP1		1	1	0.5%
ARHGEF1		1	1	0.5%
PDCD5		1	1	0.5%
DYRK1B		1	1	0.5%
SLC28A2		1	1	0.5%
SLC28A1		2	1	0.5%
DGKI		1	1	0.5%
MYOM2		1	1	0.5%
MAP3K13		1	1	0.5%
ARHGEF2		1	1	0.5%
RASSF9		1	1	0.5%
BUB3		1	1	0.5%
DDX21		1	1	0.5%
SLC33A1		1	1	0.5%
LRRFIP1		1	1	0.5%
LRRFIP2		2	1	0.5%
AURKB		1	1	0.5%
TIAF1		1	1	0.5%
MAGI1		1	1	0.5%
DLGAP2		1	1	0.5%
RAB11B		1	1	0.5%
IL32		1	1	0.5%
UBE2L6		1	1	0.5%
GCM2		1	1	0.5%
GPR50		1	1	0.5%
CACNA2D2		1	1	0.5%
TSPOAP1		1	1	0.5%
CYTH2		1	1	0.5%
ITGB1BP1		1	1	0.5%
WDR46		1	1	0.5%
ZBTB22		1	1	0.5%
MED14		1	1	0.5%
GPR55		1	1	0.5%
SOCS6		1	1	0.5%
CD83		1	1	0.5%
ASIC3		1	1	0.5%
COPS2		1	1	0.5%
TRIP10		1	1	0.5%
CD163		1	1	0.5%
TGM5		1	1	0.5%
B4GALT5		1	1	0.5%
SLC22A6		1	1	0.5%
PPIG		1	1	0.5%
RAB28		1	1	0.5%
KL		1	1	0.5%
ZFYVE9		1	1	0.5%
PLAA		1	1	0.5%
SLC22A8		1	1	0.5%
STOML1		1	1	0.5%
RECQL5		1	1	0.5%
ZRANB2		1	1	0.5%
SNRNP40		1	1	0.5%
MED21		1	1	0.5%
DDX23		1	1	0.5%
KCNK6		1	1	0.5%
CDYL		1	1	0.5%
NCR2		1	1	0.5%
QKI		1	1	0.5%
MAP4K4		1	1	0.5%
EIF2AK3		1	1	0.5%
ARHGEF6		1	1	0.5%
RASAL2		1	1	0.5%
SH3BP5		1	1	0.5%
NAPSA		1	1	0.5%
ONECUT2		1	1	0.5%
AKAP5		1	1	0.5%
MAGED1		1	1	0.5%
PMPCB		1	1	0.5%
STXBP5L		1	1	0.5%
SPTLC2		1	1	0.5%
GOSR1		1	1	0.5%
BAG3		1	1	0.5%
ZNF254		1	1	0.5%
GMFG		1	1	0.5%
EI24		1	1	0.5%
TP53I3		1	1	0.5%
CIR1		1	1	0.5%
NRG2		1	1	0.5%
H6PD		1	1	0.5%
GABBR2		1	1	0.5%
GTF2IRD1		1	1	0.5%
CLOCK		1	1	0.5%
CDC42BPB		1	1	0.5%
WTAP		2	1	0.5%
NCOR2		1	1	0.5%
MTRF1		1	1	0.5%
ABCG1		1	1	0.5%
KLK4		1	1	0.5%
AATK		1	1	0.5%
NUP155		1	1	0.5%
SEC24C		1	1	0.5%
FEZ2		1	1	0.5%
ZNF592		1	1	0.5%
MICAL2		1	1	0.5%
CTR9		1	1	0.5%
RALGPS1		1	1	0.5%
MTFR1		1	1	0.5%
PLCH2		1	1	0.5%
TTLL4		1	1	0.5%
MARF1		1	1	0.5%
IPO13		1	1	0.5%
WSCD2		1	1	0.5%
TTI1		1	1	0.5%
PPIP5K1		1	1	0.5%
DEPDC5		1	1	0.5%
KDM4A		1	1	0.5%
N4BP1		1	1	0.5%
NUP93		1	1	0.5%
KIAA0391		1	1	0.5%
KIAA0100		1	1	0.5%
DHX34		1	1	0.5%
ULK2		1	1	0.5%
PCDHGA8		1	1	0.5%
NOS1AP		1	1	0.5%
SECISBP2L		1	1	0.5%
KIAA0408		1	1	0.5%
DCAF1		1	1	0.5%
DOCK4		1	1	0.5%
LAPTM4A		1	1	0.5%
TCAF1		1	1	0.5%
PHACTR2		1	1	0.5%
KMT2B		2	1	0.5%
HDAC4		1	1	0.5%
ZFYVE16		1	1	0.5%
BCLAF1		1	1	0.5%
ATG13		1	1	0.5%
TM9SF4		1	1	0.5%
BMS1		1	1	0.5%
TATDN2		1	1	0.5%
DAZAP2		1	1	0.5%
CTIF		1	1	0.5%
DELE1		1	1	0.5%
KEAP1		1	1	0.5%
ARHGEF11		1	1	0.5%
DNAJC6		1	1	0.5%
TRIM14		3	1	0.5%
JAKMIP2		1	1	0.5%
ZEB2		1	1	0.5%
ELMO1		1	1	0.5%
FARP2		1	1	0.5%
KIAA0319		2	1	0.5%
SETDB1		1	1	0.5%
ZBTB39		1	1	0.5%
TRANK1		2	1	0.5%
TBC1D4		1	1	0.5%
OSBPL2		1	1	0.5%
ZBED4		1	1	0.5%
PLPPR4		1	1	0.5%
TELO2		1	1	0.5%
WASHC5		1	1	0.5%
UBAP2L		1	1	0.5%
SV2B		1	1	0.5%
SV2A		1	1	0.5%
ARHGAP44		1	1	0.5%
SUPT7L		1	1	0.5%
ATP2C2		1	1	0.5%
ARNT2		1	1	0.5%
RNF10		1	1	0.5%
ZBTB40		1	1	0.5%
PUM3		1	1	0.5%
ARHGAP25		1	1	0.5%
DLEC1		1	1	0.5%
EXOG		1	1	0.5%
XYLB		1	1	0.5%
GFPT2		1	1	0.5%
CRYZL1		1	1	0.5%
HS3ST4		1	1	0.5%
HS3ST3B1		1	1	0.5%
USP15		1	1	0.5%
SLC23A2		1	1	0.5%
MED13		2	1	0.5%
NR1H4		1	1	0.5%
THOC1		1	1	0.5%
REC8		1	1	0.5%
HNRNPDL		1	1	0.5%
PPP4R1		1	1	0.5%
MED6		1	1	0.5%
NAALADL1		1	1	0.5%
KCNE3		1	1	0.5%
TANK		1	1	0.5%
SRA1		1	1	0.5%
SH2B3		1	1	0.5%
GNE		1	1	0.5%
HCN4		1	1	0.5%
TROAP		1	1	0.5%
PARP2		1	1	0.5%
MAMLD1		1	1	0.5%
SMC4		1	1	0.5%
GJC1		1	1	0.5%
DNM1L		1	1	0.5%
ABCC9		1	1	0.5%
ABCF2		1	1	0.5%
SCAMP2		1	1	0.5%
DPP3		1	1	0.5%
ATP9A		1	1	0.5%
COL4A3BP		1	1	0.5%
TSPAN5		1	1	0.5%
TSPAN2		1	1	0.5%
RAD50		1	1	0.5%
PREB		1	1	0.5%
ARL4C		1	1	0.5%
ZNF263		1	1	0.5%
LRPPRC		1	1	0.5%
FRY		1	1	0.5%
YAF2		1	1	0.5%
SUGP2		1	1	0.5%
ADGRG2		1	1	0.5%
MBNL2		1	1	0.5%
PLXNC1		1	1	0.5%
ATP6AP2		1	1	0.5%
LPCAT3		1	1	0.5%
ZNF197		1	1	0.5%
ZNF256		1	1	0.5%
TENM1		1	1	0.5%
LHFPL6		1	1	0.5%
TSHZ1		1	1	0.5%
NME6		1	1	0.5%
FLOT1		1	1	0.5%
PRG4		1	1	0.5%
TRIB1		1	1	0.5%
GPA33		1	1	0.5%
NBR2		1	1	0.5%
RCAN2		1	1	0.5%
LRRC17		1	1	0.5%
RASGRP2		1	1	0.5%
AP3S2		1	1	0.5%
GPHN		1	1	0.5%
SPRY3		1	1	0.5%
ZMPSTE24		1	1	0.5%
STAG1		1	1	0.5%
UBE4B		1	1	0.5%
CWC27		1	1	0.5%
LILRB2		1	1	0.5%
SF3A1		1	1	0.5%
MARCH6		2	1	0.5%
KATNB1		1	1	0.5%
APBB3		1	1	0.5%
B3GALT5		1	1	0.5%
IKZF1		1	1	0.5%
RXYLT1		1	1	0.5%
TRIM22		1	1	0.5%
ABCA7		1	1	0.5%
ABCA9		1	1	0.5%
WARS2		1	1	0.5%
NPM2		1	1	0.5%
CACNG2		1	1	0.5%
TUBA1B		1	1	0.5%
IRF9		1	1	0.5%
TUBB3		1	1	0.5%
TUBB4A		1	1	0.5%
BTN2A2		1	1	0.5%
SYCP2		1	1	0.5%
CEPT1		1	1	0.5%
PRG3		1	1	0.5%
MYL9		1	1	0.5%
CPQ		1	1	0.5%
RAPGEF3		1	1	0.5%
TMEM147		1	1	0.5%
RBM14		1	1	0.5%
VAV3		1	1	0.5%
TAB1		1	1	0.5%
BAIAP2		1	1	0.5%
TACC3		1	1	0.5%
CLEC10A		1	1	0.5%
PIBF1		1	1	0.5%
ATP5PD		1	1	0.5%
SLC9A6		1	1	0.5%
HOXB13		1	1	0.5%
SEC23A		1	1	0.5%
CAP2		1	1	0.5%
VTI1B		1	1	0.5%
SYNCRIP		1	1	0.5%
UNC13B		1	1	0.5%
MYBBP1A		1	1	0.5%
FBXW10		1	1	0.5%
DDX17		1	1	0.5%
HYOU1		1	1	0.5%
NEBL		1	1	0.5%
SSSCA1		1	1	0.5%
PRDX4		1	1	0.5%
ARPC1A		1	1	0.5%
IFI44		1	1	0.5%
RABAC1		1	1	0.5%
SLU7		1	1	0.5%
SCGN		1	1	0.5%
SMC2		1	1	0.5%
AHSA1		1	1	0.5%
SLCO1B1		1	1	0.5%
SH2B2		1	1	0.5%
HEXIM1		1	1	0.5%
SPAG5		1	1	0.5%
TXNIP		1	1	0.5%
TAF6L		1	1	0.5%
POSTN		1	1	0.5%
CAMKK2		1	1	0.5%
MTX2		1	1	0.5%
KHDRBS3		1	1	0.5%
KHDRBS1		1	1	0.5%
CELF2		1	1	0.5%
CXCR6		1	1	0.5%
CTCF		1	1	0.5%
TSBP1		1	1	0.5%
CD226		1	1	0.5%
CSPG5		1	1	0.5%
PNMA2		1	1	0.5%
CORIN		1	1	0.5%
UGT2B11		1	1	0.5%
NFAT5		1	1	0.5%
STAG3		1	1	0.5%
RAI1		1	1	0.5%
PHTF1		1	1	0.5%
MASP2		1	1	0.5%
KIF1C		1	1	0.5%
TRAF3IP2		1	1	0.5%
NUP50		1	1	0.5%
PLK2		1	1	0.5%
ARPP19		2	1	0.5%
ZNF460		1	1	0.5%
HSPH1		1	1	0.5%
NEU3		1	1	0.5%
CLPX		1	1	0.5%
PDE10A		1	1	0.5%
CD3EAP		1	1	0.5%
SLC22A7		1	1	0.5%
TSPAN9		1	1	0.5%
HCST		1	1	0.5%
FGL2		1	1	0.5%
ACTL7A		1	1	0.5%
MRPS30		1	1	0.5%
NPFFR2		1	1	0.5%
PROKR1		1	1	0.5%
MTMR11		1	1	0.5%
MAGED2		1	1	0.5%
BTNL3		1	1	0.5%
EHMT2		1	1	0.5%
SMPDL3A		1	1	0.5%
DBF4		1	1	0.5%
AFG3L2		1	1	0.5%
SF3A3		1	1	0.5%
TOMM34		1	1	0.5%
LMAN2		1	1	0.5%
STIP1		1	1	0.5%
EBNA1BP2		1	1	0.5%
RAB32		1	1	0.5%
IMMT		1	1	0.5%
SF3B2		1	1	0.5%
LILRB4		1	1	0.5%
TMSB15A		1	1	0.5%
VAX1		1	1	0.5%
LILRA2		1	1	0.5%
RBPMS		1	1	0.5%
RIPK3		1	1	0.5%
PIM2		1	1	0.5%
B4GAT1		1	1	0.5%
MID2		1	1	0.5%
ZPBP		1	1	0.5%
WWP2		1	1	0.5%
SOX30		1	1	0.5%
TOPBP1		1	1	0.5%
HSF2BP		1	1	0.5%
ESM1		1	1	0.5%
ADAM30		1	1	0.5%
WDR5		1	1	0.5%
CACFD1		1	1	0.5%
PRDM7		1	1	0.5%
BTN2A1		1	1	0.5%
KIF3A		1	1	0.5%
TBC1D8		1	1	0.5%
IL1RAPL1		1	1	0.5%
FICD		1	1	0.5%
RABL2B		1	1	0.5%
NUDT3		1	1	0.5%
STRAP		1	1	0.5%
ADAMTS7		1	1	0.5%
LZTS1		1	1	0.5%
WDR6		1	1	0.5%
SLC2A6		1	1	0.5%
RASSF1		1	1	0.5%
CEP250		1	1	0.5%
AKAP13		1	1	0.5%
DDX20		1	1	0.5%
HPS5		1	1	0.5%
PMF1		1	1	0.5%
GPR176		1	1	0.5%
MAN1B1		1	1	0.5%
DCTN3		1	1	0.5%
XPOT		2	1	0.5%
KLHL2		1	1	0.5%
SYNRG		1	1	0.5%
KLF12		1	1	0.5%
POU6F2		1	1	0.5%
SLCO2B1		1	1	0.5%
LYPLA2		1	1	0.5%
RBPJL		1	1	0.5%
MGAT4A		1	1	0.5%
PDAP1		1	1	0.5%
U2AF2		1	1	0.5%
MGLL		1	1	0.5%
RRAS2		1	1	0.5%
ITGA11		1	1	0.5%
XRN2		2	1	0.5%
COPZ1		1	1	0.5%
RASA3		1	1	0.5%
NLGN4Y		1	1	0.5%
CEP162		1	1	0.5%
RHOBTB3		1	1	0.5%
DLGAP4		1	1	0.5%
VASH1		1	1	0.5%
ANKRD26		1	1	0.5%
LMTK2		1	1	0.5%
NLRP1		1	1	0.5%
ATG14		1	1	0.5%
R3HDM2		1	1	0.5%
PLEKHA6		1	1	0.5%
ZHX2		1	1	0.5%
CLSTN1		1	1	0.5%
FOXJ3		1	1	0.5%
RPH3A		1	1	0.5%
CEP164		1	1	0.5%
RALY		1	1	0.5%
KLRK1		1	1	0.5%
CD93		1	1	0.5%
SIRT2		1	1	0.5%
SNW1		1	1	0.5%
PTGR1		1	1	0.5%
PAXIP1		1	1	0.5%
NT5C2		1	1	0.5%
NINL		1	1	0.5%
DIP2C		1	1	0.5%
PDCD11		1	1	0.5%
SORCS3		1	1	0.5%
KDM2A		1	1	0.5%
IGSF9B		1	1	0.5%
DAAM1		1	1	0.5%
MAPKBP1		1	1	0.5%
PLCH1		1	1	0.5%
CNOT1		1	1	0.5%
SNRNP200		1	1	0.5%
PALLD		1	1	0.5%
TMCC1		1	1	0.5%
UNC13A		1	1	0.5%
USP33		1	1	0.5%
ZNF292		1	1	0.5%
PDXDC1		1	1	0.5%
PDS5B		1	1	0.5%
FNBP1		1	1	0.5%
NMNAT2		1	1	0.5%
GGA2		1	1	0.5%
WAPL		1	1	0.5%
UHRF1BP1L		1	1	0.5%
EXPH5		1	1	0.5%
ARHGAP26		1	1	0.5%
IQSEC2		1	1	0.5%
MCF2L2		1	1	0.5%
DDN		1	1	0.5%
TOGARAM1		1	1	0.5%
CLASP2		1	1	0.5%
CAMTA2		2	1	0.5%
RAD54L2		1	1	0.5%
EPB41L3		1	1	0.5%
MAST2		1	1	0.5%
NCDN		1	1	0.5%
RTF1		1	1	0.5%
ABRAXAS2		1	1	0.5%
PASK		2	1	0.5%
RGL1		1	1	0.5%
LARP4B		1	1	0.5%
KANK1		1	1	0.5%
MDN1		3	1	0.5%
ATP11B		1	1	0.5%
PRRC2C		1	1	0.5%
ZFR2		1	1	0.5%
DTX4		1	1	0.5%
RRP12		1	1	0.5%
NUP210		1	1	0.5%
PLCL2		1	1	0.5%
VPS13A		1	1	0.5%
ARC		1	1	0.5%
PHLPP1		1	1	0.5%
ANKRD28		1	1	0.5%
ASTN2		1	1	0.5%
MTCL1		1	1	0.5%
DENND5A		1	1	0.5%
DDHD2		1	1	0.5%
ZC3H7B		1	1	0.5%
DNMBP		1	1	0.5%
MGA		1	1	0.5%
CAMSAP2		1	1	0.5%
POFUT2		1	1	0.5%
CSTF2T		1	1	0.5%
SMG6		2	1	0.5%
WSCD1		1	1	0.5%
UBR2		1	1	0.5%
SIN3B		1	1	0.5%
NCAPD3		1	1	0.5%
TUT4		1	1	0.5%
RPGRIP1L		1	1	0.5%
CLASP1		1	1	0.5%
JADE2		1	1	0.5%
VPS39		1	1	0.5%
ESYT1		1	1	0.5%
SUN1		1	1	0.5%
VPS8		1	1	0.5%
USP24		1	1	0.5%
FNBP4		2	1	0.5%
ZNF629		1	1	0.5%
OBSL1		1	1	0.5%
ARHGEF12		1	1	0.5%
LARP1		1	1	0.5%
TNS2		1	1	0.5%
ICE1		1	1	0.5%
SMG5		1	1	0.5%
MAU2		1	1	0.5%
SIK3		1	1	0.5%
PIP5K1C		1	1	0.5%
SIRT1		1	1	0.5%
ZFPM2		1	1	0.5%
KCNH4		1	1	0.5%
KCNH3		1	1	0.5%
CRB1		1	1	0.5%
SLC7A8		1	1	0.5%
HARS2		1	1	0.5%
SLC44A1		1	1	0.5%
ANGPTL2		1	1	0.5%
ABCB9		1	1	0.5%
HEY1		1	1	0.5%
GCAT		1	1	0.5%
NPTXR		1	1	0.5%
CBX5		1	1	0.5%
BRD4		1	1	0.5%
CBX7		2	1	0.5%
ZFYVE26		2	1	0.5%
RIMBP2		1	1	0.5%
MORC3		1	1	0.5%
R3HDM1		1	1	0.5%
CABIN1		1	1	0.5%
SRRM2		1	1	0.5%
MMD		1	1	0.5%
ADAT1		1	1	0.5%
LILRA4		1	1	0.5%
HYAL4		1	1	0.5%
CLDN14		1	1	0.5%
DDAH2		1	1	0.5%
CASP14		1	1	0.5%
CCNDBP1		1	1	0.5%
DDX58		1	1	0.5%
ELP5		1	1	0.5%
PDSS1		1	1	0.5%
OPN3		1	1	0.5%
ACOT9		1	1	0.5%
PATZ1		1	1	0.5%
CLEC5A		1	1	0.5%
CD2AP		1	1	0.5%
MKRN2		1	1	0.5%
NTSR2		1	1	0.5%
BACE1		1	1	0.5%
CBLC		1	1	0.5%
FAM89B		1	1	0.5%
CA14		1	1	0.5%
NUP62		1	1	0.5%
LY96		1	1	0.5%
ARFIP2		1	1	0.5%
POLA2		1	1	0.5%
PLA2G15		1	1	0.5%
UBBP4		1	1	0.5%
SH3BP4		1	1	0.5%
PRKD3		1	1	0.5%
BHMT2		1	1	0.5%
OSBP2		1	1	0.5%
FLRT1		1	1	0.5%
FKBP8		1	1	0.5%
DSTYK		1	1	0.5%
RAD54B		1	1	0.5%
SLC39A6		1	1	0.5%
GCA		1	1	0.5%
LMOD1		1	1	0.5%
LSM4		1	1	0.5%
MTO1		1	1	0.5%
MGAT4C		1	1	0.5%
NIPBL		1	1	0.5%
WHRN		1	1	0.5%
SUMF2		1	1	0.5%
LETMD1		1	1	0.5%
POLR1A		1	1	0.5%
POC1A		1	1	0.5%
ZNF473		1	1	0.5%
INTS7		1	1	0.5%
CNOT10		1	1	0.5%
ANAPC15		1	1	0.5%
ATL3		1	1	0.5%
MYRIP		1	1	0.5%
GEMIN5		1	1	0.5%
PTPN23		1	1	0.5%
SAMHD1		1	1	0.5%
FAM98A		1	1	0.5%
C20ORF194		1	1	0.5%
SYF2		1	1	0.5%
RWDD3		1	1	0.5%
ADGRA2		1	1	0.5%
TMEM87A		1	1	0.5%
SH2B1		1	1	0.5%
DHRS7B		1	1	0.5%
DNAH1		1	1	0.5%
KRT23		1	1	0.5%
SNED1		1	1	0.5%
TBC1D10B		1	1	0.5%
C2CD3		1	1	0.5%
SPATS2L		1	1	0.5%
L3MBTL1		1	1	0.5%
UPF2		1	1	0.5%
PCDHGA12		1	1	0.5%
ACOT11		1	1	0.5%
LTN1		1	1	0.5%
CNTNAP2		1	1	0.5%
LSM14A		1	1	0.5%
RTL8A		1	1	0.5%
CFAP61		1	1	0.5%
ARHGEF26		1	1	0.5%
GPSM1		1	1	0.5%
GGA1		1	1	0.5%
DCAF4		1	1	0.5%
WSB1		1	1	0.5%
EPC2		2	1	0.5%
GAPVD1		1	1	0.5%
TRPC4AP		1	1	0.5%
ZBTB20		1	1	0.5%
TTLL3		1	1	0.5%
PHF19		1	1	0.5%
ABCA12		1	1	0.5%
IFT172		1	1	0.5%
OR1C1		1	1	0.5%
OR1A2		1	1	0.5%
PITPNC1		1	1	0.5%
FBXO6		1	1	0.5%
FBXO4		1	1	0.5%
FBXO3		1	1	0.5%
SACS		1	1	0.5%
PLA2G2D		1	1	0.5%
FGF21		1	1	0.5%
GAPDHS		1	1	0.5%
OR7A17		1	1	0.5%
GNL3		1	1	0.5%
OR8B8		1	1	0.5%
OR8G1		1	1	0.5%
CNNM1		1	1	0.5%
CHIC2		1	1	0.5%
INTS6		1	1	0.5%
TIMM9		1	1	0.5%
OR10G3		1	1	0.5%
OR10H1		1	1	0.5%
MYEOV		1	1	0.5%
CKAP2		1	1	0.5%
NUFIP1		1	1	0.5%
STEAP1		1	1	0.5%
RANBP6		1	1	0.5%
DNAI1		1	1	0.5%
MLH3		1	1	0.5%
ATP2C1		1	1	0.5%
SIGLEC7		1	1	0.5%
ANKRD1		1	1	0.5%
STAU2		1	1	0.5%
DAPP1		1	1	0.5%
ZBTB11		1	1	0.5%
PDE7B		1	1	0.5%
AFF4		1	1	0.5%
CYTH4		1	1	0.5%
HSPB7		1	1	0.5%
INVS		1	1	0.5%
SNX5		1	1	0.5%
KCNH5		1	1	0.5%
TJP3		1	1	0.5%
MORC1		1	1	0.5%
DENND2A		1	1	0.5%
INTU		1	1	0.5%
SALL3		1	1	0.5%
GLS2		1	1	0.5%
TUBG2		1	1	0.5%
IL36A		1	1	0.5%
VPS4A		1	1	0.5%
C5AR2		1	1	0.5%
GPKOW		1	1	0.5%
PDCD4		1	1	0.5%
KLHL20		1	1	0.5%
PCDH17		1	1	0.5%
CNTN6		1	1	0.5%
SULT1B1		1	1	0.5%
RND1		1	1	0.5%
BMP10		1	1	0.5%
MOCS3		1	1	0.5%
TOX3		1	1	0.5%
TNRC6A		1	1	0.5%
PCDH11X		1	1	0.5%
ZNF638		1	1	0.5%
EIF3K		1	1	0.5%
STK39		1	1	0.5%
APOBEC3C		1	1	0.5%
DESI1		1	1	0.5%
SGSM3		1	1	0.5%
SLCO3A1		1	1	0.5%
SLCO1B3		1	1	0.5%
CDH20		1	1	0.5%
IGHV3-49		1	1	0.5%
IGHV3-33		1	1	0.5%
IGHV3-23		1	1	0.5%
IGHV2-26		1	1	0.5%
CDH19		1	1	0.5%
TRBJ2-2		1	1	0.5%
TRAV19		1	1	0.5%
TRAJ37		1	1	0.5%
TRAJ6		1	1	0.5%
IGLV4-69		1	1	0.5%
IGLV3-27		1	1	0.5%
IGLV3-22		1	1	0.5%
IGLV2-18		1	1	0.5%
IGLV2-14		1	1	0.5%
IGKV1D-8		1	1	0.5%
IGKV6-21		1	1	0.5%
IGKV5-2		1	1	0.5%
IGKV2-40		1	1	0.5%
IGKV1-27		1	1	0.5%
IGKJ3		1	1	0.5%
IGKJ1		1	1	0.5%
SLC27A6		1	1	0.5%
SNX24		1	1	0.5%
IFT81		1	1	0.5%
FLVCR1		1	1	0.5%
DBNL		1	1	0.5%
KLF15		1	1	0.5%
ZBTB44		1	1	0.5%
BABAM1		1	1	0.5%
SSU72		1	1	0.5%
DROSHA		1	1	0.5%
TBK1		1	1	0.5%
SAP30BP		1	1	0.5%
ANKRD11		1	1	0.5%
USP25		1	1	0.5%
UQCR10		1	1	0.5%
REPIN1		1	1	0.5%
TFCP2L1		1	1	0.5%
TRPM5		1	1	0.5%
ANAPC2		1	1	0.5%
PSMC3IP		1	1	0.5%
HCFC2		1	1	0.5%
SNX11		1	1	0.5%
NME7		1	1	0.5%
ALG6		1	1	0.5%
PCDHB1		1	1	0.5%
PKN3		1	1	0.5%
PNMA3		1	1	0.5%
POMT2		1	1	0.5%
SLC25A24		1	1	0.5%
DMGDH		1	1	0.5%
STRN3		1	1	0.5%
SLC39A2		1	1	0.5%
OBP2A		1	1	0.5%
ADGRE2		1	1	0.5%
KCNIP2		1	1	0.5%
CXXC1		1	1	0.5%
EHD2		1	1	0.5%
PIK3R4		1	1	0.5%
RRM2B		1	1	0.5%
SMARCAL1		1	1	0.5%
PLA2G3		1	1	0.5%
NOX3		1	1	0.5%
PODXL2		1	1	0.5%
CHST11		1	1	0.5%
UBQLN3		1	1	0.5%
ITSN2		1	1	0.5%
GEMIN4		1	1	0.5%
PNPLA8		1	1	0.5%
ARHGEF3		1	1	0.5%
DCAF8		1	1	0.5%
ASAP1		2	1	0.5%
HP1BP3		1	1	0.5%
COPS7A		1	1	0.5%
TAS2R1		1	1	0.5%
TAS2R7		1	1	0.5%
RNF141		1	1	0.5%
CDON		1	1	0.5%
PDE11A		1	1	0.5%
SOST		1	1	0.5%
MTERF3		1	1	0.5%
AMDHD2		1	1	0.5%
ZBTB7B		1	1	0.5%
LAP3		1	1	0.5%
FAM135B		1	1	0.5%
ATL1		1	1	0.5%
NMD3		1	1	0.5%
TMX2		1	1	0.5%
THAP4		2	1	0.5%
KLHL5		1	1	0.5%
IFT52		1	1	0.5%
MECR		1	1	0.5%
PHF20L1		1	1	0.5%
METTL9		1	1	0.5%
RDH11		1	1	0.5%
LACTB2		1	1	0.5%
MRPS2		1	1	0.5%
DYNC1LI1		1	1	0.5%
MRTO4		1	1	0.5%
SERPINA10		1	1	0.5%
PLEKHO1		1	1	0.5%
CRBN		1	1	0.5%
NIN		1	1	0.5%
GP6		1	1	0.5%
ELOA2		1	1	0.5%
GLTP		1	1	0.5%
COX16		1	1	0.5%
SHISA5		1	1	0.5%
MARCH2		1	1	0.5%
CDKL3		1	1	0.5%
C1RL		1	1	0.5%
GMPR2		1	1	0.5%
CD320		1	1	0.5%
PCDH12		1	1	0.5%
THEG		1	1	0.5%
NRN1		1	1	0.5%
GCNT4		1	1	0.5%
ZDHHC3		1	1	0.5%
FAM53C		1	1	0.5%
ARMCX1		1	1	0.5%
RSRC1		1	1	0.5%
PRR16		1	1	0.5%
CRNKL1		1	1	0.5%
ZBTB7A		1	1	0.5%
POP5		1	1	0.5%
CRLF3		1	1	0.5%
CSAD		1	1	0.5%
ATP6V1D		1	1	0.5%
EIF3L		1	1	0.5%
BIN2		1	1	0.5%
AMOTL2		1	1	0.5%
PRKAG2		1	1	0.5%
SUCO		1	1	0.5%
SCARA3		1	1	0.5%
MAGEC2		1	1	0.5%
IP6K2		1	1	0.5%
LCMT1		1	1	0.5%
TMEM138		1	1	0.5%
TRMO		1	1	0.5%
ZNF581		1	1	0.5%
SIRT6		1	1	0.5%
RAB14		1	1	0.5%
AZIN1		1	1	0.5%
TRIM33		1	1	0.5%
SRRT		1	1	0.5%
NOP58		1	1	0.5%
TAF9B		1	1	0.5%
RBMX2		1	1	0.5%
CHMP3		1	1	0.5%
CDK5RAP1		1	1	0.5%
STYXL1		1	1	0.5%
ASB4		1	1	0.5%
SUFU		1	1	0.5%
GPRC5B		1	1	0.5%
RAB23		1	1	0.5%
FBXO40		1	1	0.5%
MSRB1		1	1	0.5%
ARID4B		1	1	0.5%
CDK12		1	1	0.5%
C9ORF78		1	1	0.5%
TM7SF3		1	1	0.5%
RSF1		1	1	0.5%
SIX4		1	1	0.5%
BCL11A		1	1	0.5%
BTBD1		1	1	0.5%
TPCN1		1	1	0.5%
BCO1		1	1	0.5%
P2RY13		1	1	0.5%
MYO3A		1	1	0.5%
DUOX1		1	1	0.5%
RAB24		1	1	0.5%
FTHL17		1	1	0.5%
CSNK1G1		1	1	0.5%
RIPK4		1	1	0.5%
GPR88		1	1	0.5%
GNG2		1	1	0.5%
HAO1		1	1	0.5%
NLGN3		1	1	0.5%
TAS2R5		1	1	0.5%
DNAJC10		1	1	0.5%
SEMA5B		1	1	0.5%
RBM27		1	1	0.5%
RIN2		1	1	0.5%
FBXO42		2	1	0.5%
ANKIB1		1	1	0.5%
KRT20		1	1	0.5%
RNF216		1	1	0.5%
TRMT13		1	1	0.5%
DGCR8		1	1	0.5%
PRMT7		1	1	0.5%
HEATR5B		1	1	0.5%
RBM47		1	1	0.5%
CPVL		1	1	0.5%
DDIT4		1	1	0.5%
NECAB2		1	1	0.5%
MAGEL2		1	1	0.5%
DDX49		1	1	0.5%
UGT1A10		1	1	0.5%
INO80		1	1	0.5%
FBXL19		1	1	0.5%
ARL15		1	1	0.5%
MINDY2		1	1	0.5%
UGT1A3		1	1	0.5%
TMEM106B		1	1	0.5%
LRRN3		1	1	0.5%
SLC6A20		1	1	0.5%
IL17RD		1	1	0.5%
BTG4		1	1	0.5%
HYDIN		1	1	0.5%
PPP1R12C		1	1	0.5%
BNC2		1	1	0.5%
SAMD9		1	1	0.5%
CDHR2		1	1	0.5%
GDAP2		2	1	0.5%
GON4L		2	1	0.5%
MS4A12		1	1	0.5%
TMEM104		1	1	0.5%
QRICH1		1	1	0.5%
ANKHD1		1	1	0.5%
CWC25		1	1	0.5%
NCAPG2		1	1	0.5%
CASZ1		1	1	0.5%
PXK		1	1	0.5%
TTC19		1	1	0.5%
NSD3		1	1	0.5%
TASOR2		1	1	0.5%
FOCAD		1	1	0.5%
RASIP1		1	1	0.5%
UBE2R2		1	1	0.5%
SDHAF2		1	1	0.5%
ODR4		1	1	0.5%
TMEM160		1	1	0.5%
C1ORF56		1	1	0.5%
TTC12		1	1	0.5%
BANP		1	1	0.5%
INTS11		1	1	0.5%
AURKAIP1		1	1	0.5%
PARPBP		2	1	0.5%
PPP2R3C		1	1	0.5%
PRPF39		1	1	0.5%
BANK1		1	1	0.5%
HEATR3		1	1	0.5%
SLC35A5		1	1	0.5%
CCDC40		1	1	0.5%
PTCD3		1	1	0.5%
ATG16L1		1	1	0.5%
ZCWPW1		1	1	0.5%
PDPR		1	1	0.5%
ENOX1		1	1	0.5%
RNF31		1	1	0.5%
LRRC37A4P		1	1	0.5%
OXR1		2	1	0.5%
TMEM45A		1	1	0.5%
FEZF2		1	1	0.5%
KIF26B		1	1	0.5%
SOBP		1	1	0.5%
SLC38A4		1	1	0.5%
GPATCH2		1	1	0.5%
AGGF1		1	1	0.5%
CEP192		1	1	0.5%
HEATR1		2	1	0.5%
ARMC4		2	1	0.5%
FAM90A1		1	1	0.5%
ANKZF1		1	1	0.5%
ARHGEF10L		1	1	0.5%
SHQ1		1	1	0.5%
MRM3		1	1	0.5%
LINS1		1	1	0.5%
RIF1		1	1	0.5%
RPRD1A		1	1	0.5%
PLEKHG6		1	1	0.5%
SBNO1		1	1	0.5%
BBS7		1	1	0.5%
MACO1		1	1	0.5%
RAVER2		1	1	0.5%
PNMA8A		1	1	0.5%
UQCC1		1	1	0.5%
ELP2		1	1	0.5%
TMEM39A		1	1	0.5%
PSPC1		1	1	0.5%
PGM2		1	1	0.5%
FGGY		1	1	0.5%
LRRC36		1	1	0.5%
RBM41		1	1	0.5%
ACOXL		1	1	0.5%
PPP6R3		1	1	0.5%
KLHL26		1	1	0.5%
PI4K2B		1	1	0.5%
SPTLC3		1	1	0.5%
ZNF444		1	1	0.5%
SLC29A3		1	1	0.5%
ACER3		1	1	0.5%
TCP11L1		1	1	0.5%
VNN3		1	1	0.5%
IMPACT		1	1	0.5%
LGR4		1	1	0.5%
MCM10		1	1	0.5%
NCBP3		2	1	0.5%
SIRPG		1	1	0.5%
PARL		1	1	0.5%
DHTKD1		1	1	0.5%
FEM1A		1	1	0.5%
PIP4P2		1	1	0.5%
ELMOD1		1	1	0.5%
STAB2		1	1	0.5%
SUPT20H		1	1	0.5%
KIF27		1	1	0.5%
CHRNA9		1	1	0.5%
MED29		1	1	0.5%
BMP2K		1	1	0.5%
CARMIL1		1	1	0.5%
PPP1R9A		1	1	0.5%
VPS50		1	1	0.5%
FERMT1		1	1	0.5%
KIF16B		1	1	0.5%
DOCK10		1	1	0.5%
TRMT1		1	1	0.5%
AMBRA1		1	1	0.5%
ZNF407		1	1	0.5%
KRBOX4		1	1	0.5%
DEPDC1		1	1	0.5%
SYBU		1	1	0.5%
PIGV		1	1	0.5%
RNF126		1	1	0.5%
PRPF40A		1	1	0.5%
ZNF446		1	1	0.5%
GPATCH2L		1	1	0.5%
MFN1		1	1	0.5%
PPP4R3A		1	1	0.5%
SLC30A6		1	1	0.5%
LIMS2		1	1	0.5%
SCYL2		1	1	0.5%
KANSL3		1	1	0.5%
PACS1		1	1	0.5%
KDM4D		1	1	0.5%
POLR3B		1	1	0.5%
IPO9		1	1	0.5%
KBTBD4		1	1	0.5%
ZNF334		1	1	0.5%
DOK4		1	1	0.5%
LMBR1L		1	1	0.5%
IQCC		1	1	0.5%
INTS13		1	1	0.5%
NAXD		1	1	0.5%
ENAH		1	1	0.5%
EDEM2		1	1	0.5%
INTS9		1	1	0.5%
UGGT2		1	1	0.5%
DHX32		1	1	0.5%
ZNF83		1	1	0.5%
CFAP44		1	1	0.5%
MCTP2		1	1	0.5%
LRIF1		1	1	0.5%
PCID2		1	1	0.5%
ADCY10		1	1	0.5%
KDM3A		1	1	0.5%
DCAF6		1	1	0.5%
UBAP2		1	1	0.5%
EAPP		1	1	0.5%
CENPN		1	1	0.5%
ZC3H15		1	1	0.5%
SLC22A11		1	1	0.5%
ASH1L		1	1	0.5%
ZNF395		1	1	0.5%
THSD1		1	1	0.5%
KMT2E		1	1	0.5%
ZC4H2		1	1	0.5%
BIN3		1	1	0.5%
ERBIN		1	1	0.5%
CTTNBP2NL		1	1	0.5%
RCC2		1	1	0.5%
NKRF		1	1	0.5%
INKA2		1	1	0.5%
KLHL9		1	1	0.5%
RAB5IF		1	1	0.5%
BAIAP2L1		1	1	0.5%
NXF3		1	1	0.5%
KLHL4		1	1	0.5%
PCDHGC4		1	1	0.5%
PCDHGB6		1	1	0.5%
PCDHGA10		1	1	0.5%
PCDHGA9		1	1	0.5%
PCDHGA5		1	1	0.5%
PCDHGA3		1	1	0.5%
PCDHGA2		1	1	0.5%
PCDHGA1		1	1	0.5%
PCDHB13		1	1	0.5%
PCDHB11		1	1	0.5%
PCDHB8		1	1	0.5%
PCDHB7		1	1	0.5%
PCDHB3		1	1	0.5%
PCDHAC1		1	1	0.5%
PCDHA8		1	1	0.5%
PCDHA5		1	1	0.5%
PCDHA3		1	1	0.5%
TEX15		1	1	0.5%
TEX14		1	1	0.5%
TEX13B		1	1	0.5%
TDRD1		1	1	0.5%
SERTAD4		1	1	0.5%
CPXM1		1	1	0.5%
IRGC		1	1	0.5%
PARD3		1	1	0.5%
SLC7A10		1	1	0.5%
TRPV5		1	1	0.5%
METTL3		1	1	0.5%
PRMT8		1	1	0.5%
EIF4ENIF1		1	1	0.5%
SLC2A9		1	1	0.5%
ASAH2		1	1	0.5%
TWNK		1	1	0.5%
MUC13		1	1	0.5%
ZC3HAV1		1	1	0.5%
UGGT1		1	1	0.5%
MDM1		1	1	0.5%
DPYSL5		1	1	0.5%
SMARCAD1		1	1	0.5%
DHX33		1	1	0.5%
ARNTL2		1	1	0.5%
OLFML3		1	1	0.5%
XAB2		1	1	0.5%
NIT2		1	1	0.5%
MEPE		1	1	0.5%
OTUD7B		1	1	0.5%
WDR93		1	1	0.5%
ATXN7L3		1	1	0.5%
PRDM9		1	1	0.5%
POGLUT1		1	1	0.5%
PSMG2		1	1	0.5%
CHPT1		1	1	0.5%
COQ8A		1	1	0.5%
ADAMTS9		1	1	0.5%
VPS35L		1	1	0.5%
SLC17A7		1	1	0.5%
UTP3		1	1	0.5%
PCBP4		1	1	0.5%
DDX24		1	1	0.5%
KNL1		1	1	0.5%
ENTPD7		1	1	0.5%
RPGRIP1		1	1	0.5%
ANO2		1	1	0.5%
PDSS2		1	1	0.5%
RAB25		1	1	0.5%
TRPC7		1	1	0.5%
RHBG		1	1	0.5%
CHMP1B		1	1	0.5%
RNPEPL1		1	1	0.5%
RTN4		1	1	0.5%
SCYL3		1	1	0.5%
SMURF1		1	1	0.5%
CAMK1G		1	1	0.5%
KIAA1191		1	1	0.5%
ANKRD50		1	1	0.5%
NIPAL3		2	1	0.5%
THOC2		2	1	0.5%
SELENON		1	1	0.5%
ATP10D		1	1	0.5%
CEMIP		1	1	0.5%
TTC7A		1	1	0.5%
ARFGEF3		1	1	0.5%
ZNF630		1	1	0.5%
SLC4A10		1	1	0.5%
PBXIP1		1	1	0.5%
NMRAL1		1	1	0.5%
WDR18		1	1	0.5%
SLC24A3		1	1	0.5%
NDRG2		1	1	0.5%
TENM2		1	1	0.5%
GATAD2B		1	1	0.5%
CNOT6		1	1	0.5%
ZNF490		1	1	0.5%
ODF2L		1	1	0.5%
NWD2		1	1	0.5%
MRTFB		1	1	0.5%
LRFN2		1	1	0.5%
KIDINS220		1	1	0.5%
GPR158		1	1	0.5%
CASKIN2		1	1	0.5%
ARHGAP31		1	1	0.5%
SERINC1		1	1	0.5%
HECW2		1	1	0.5%
RPTOR		1	1	0.5%
NYNRIN		1	1	0.5%
PCDH19		1	1	0.5%
RTL9		1	1	0.5%
HACE1		1	1	0.5%
MIB1		1	1	0.5%
WDR35		1	1	0.5%
ZNF398		1	1	0.5%
PDP2		1	1	0.5%
ZNF624		1	1	0.5%
IGSF9		1	1	0.5%
MICAL3		1	1	0.5%
LRRC7		1	1	0.5%
NLGN2		1	1	0.5%
USP35		1	1	0.5%
IFT80		1	1	0.5%
TRMT5		1	1	0.5%
ARHGAP21		1	1	0.5%
MRTFA		1	1	0.5%
FNIP2		1	1	0.5%
PITPNM2		1	1	0.5%
JCAD		1	1	0.5%
RELCH		1	1	0.5%
EP400		1	1	0.5%
CCDC146		1	1	0.5%
ZSWIM5		1	1	0.5%
PHF12		1	1	0.5%
CALCOCO1		1	1	0.5%
USP29		1	1	0.5%
PLEKHA4		1	1	0.5%
EPB41L5		1	1	0.5%
KIAA1549		1	1	0.5%
VAT1L		1	1	0.5%
ZSWIM6		1	1	0.5%
TNRC6C		1	1	0.5%
USP37		1	1	0.5%
FANCM		1	1	0.5%
FAM160B1		1	1	0.5%
WDFY4		1	1	0.5%
SLC7A14		1	1	0.5%
PCDHB16		1	1	0.5%
METTL14		1	1	0.5%
IGDCC4		1	1	0.5%
NCOA5		1	1	0.5%
SPTBN4		1	1	0.5%
SCUBE2		1	1	0.5%
ANKRA2		1	1	0.5%
RBAK		1	1	0.5%
SLAMF7		1	1	0.5%
CYP4F11		1	1	0.5%
CADM3		1	1	0.5%
SQOR		1	1	0.5%
NLRC4		1	1	0.5%
RPRD1B		1	1	0.5%
ZNF77		1	1	0.5%
JAM2		1	1	0.5%
ZNF462		1	1	0.5%
ZNF250		1	1	0.5%
PRODH2		1	1	0.5%
DMRT3		1	1	0.5%
WIZ		1	1	0.5%
MYOZ1		1	1	0.5%
SNX6		1	1	0.5%
CARD18		1	1	0.5%
NTN4		1	1	0.5%
CACNG7		1	1	0.5%
ALOXE3		1	1	0.5%
TSKS		1	1	0.5%
EXOC4		1	1	0.5%
APOBEC3G		1	1	0.5%
GUF1		1	1	0.5%
RINT1		2	1	0.5%
FKBP10		1	1	0.5%
SMAP1		1	1	0.5%
C14ORF93		1	1	0.5%
SLC22A23		1	1	0.5%
SRR		1	1	0.5%
BCAN		1	1	0.5%
PKNOX2		1	1	0.5%
RNF123		1	1	0.5%
PIEZO2		1	1	0.5%
TNN		1	1	0.5%
MRPS14		1	1	0.5%
CXORF56		1	1	0.5%
DMRTC2		1	1	0.5%
NEUROD6		1	1	0.5%
ANO3		1	1	0.5%
RBM26		1	1	0.5%
MMP27		1	1	0.5%
RBKS		1	1	0.5%
CLSTN2		1	1	0.5%
SMOC2		1	1	0.5%
NPFFR1		1	1	0.5%
TMBIM1		1	1	0.5%
NOD2		1	1	0.5%
XYLT1		1	1	0.5%
ABCG4		1	1	0.5%
P3H1		1	1	0.5%
DPEP3		2	1	0.5%
POPDC3		1	1	0.5%
PJA1		1	1	0.5%
ROBO3		1	1	0.5%
TOR3A		1	1	0.5%
ABCG5		1	1	0.5%
ABCG8		1	1	0.5%
ARHGEF28		1	1	0.5%
RAB17		1	1	0.5%
ZSCAN31		1	1	0.5%
RNF25		1	1	0.5%
COP1		2	1	0.5%
NFKBIZ		1	1	0.5%
HIF3A		1	1	0.5%
IKZF4		1	1	0.5%
MMP25		1	1	0.5%
GREM2		1	1	0.5%
ZNF106		1	1	0.5%
CDH24		1	1	0.5%
MTMR14		1	1	0.5%
SUDS3		1	1	0.5%
ZDHHC6		1	1	0.5%
NOM1		1	1	0.5%
CLEC7A		1	1	0.5%
GIGYF1		1	1	0.5%
MFSD14A		1	1	0.5%
NUCKS1		1	1	0.5%
SMURF2		1	1	0.5%
CCDC136		1	1	0.5%
TNS3		1	1	0.5%
PARP12		1	1	0.5%
GAREM1		1	1	0.5%
CREB3L2		1	1	0.5%
CCDC14		1	1	0.5%
ILRUN		1	1	0.5%
ENGASE		1	1	0.5%
C11ORF1		1	1	0.5%
RBM15		1	1	0.5%
CEP85		1	1	0.5%
SLC13A3		1	1	0.5%
TUT1		1	1	0.5%
AIDA		1	1	0.5%
PCDH20		1	1	0.5%
AGXT2		1	1	0.5%
MRPL14		1	1	0.5%
CENPH		1	1	0.5%
MRPS24		1	1	0.5%
MRPS5		1	1	0.5%
MRPL11		1	1	0.5%
NDRG4		1	1	0.5%
SLC26A6		2	1	0.5%
UPF3A		1	1	0.5%
RSRC2		1	1	0.5%
PRAMEF1		1	1	0.5%
INTS3		1	1	0.5%
PCDH15		1	1	0.5%
ZFP69B		1	1	0.5%
CPLANE1		1	1	0.5%
WNK4		1	1	0.5%
WNK3		1	1	0.5%
WNK2		1	1	0.5%
STK33		1	1	0.5%
PHACTR4		1	1	0.5%
GRAMD2B		1	1	0.5%
AACS		1	1	0.5%
TMEM108		1	1	0.5%
CYP4F12		1	1	0.5%
TRAK2		1	1	0.5%
PCYOX1L		1	1	0.5%
DDX50		1	1	0.5%
CAMKV		1	1	0.5%
PDCL3		1	1	0.5%
ERI3		1	1	0.5%
C7ORF26		1	1	0.5%
NABP2		1	1	0.5%
WDR77		1	1	0.5%
METTL22		1	1	0.5%
CHAC1		1	1	0.5%
TAF1D		1	1	0.5%
DHRS11		1	1	0.5%
LILRP2		1	1	0.5%
BRCC3		1	1	0.5%
FSD1		1	1	0.5%
OR4K5		1	1	0.5%
HAUS3		1	1	0.5%
LRRC2		1	1	0.5%
PAGR1		1	1	0.5%
GCC1		1	1	0.5%
ATP13A3		1	1	0.5%
SPAG16		1	1	0.5%
TMEM231		1	1	0.5%
SAP130		1	1	0.5%
RNF219		1	1	0.5%
PGBD5		1	1	0.5%
ACSS3		1	1	0.5%
GALNT14		1	1	0.5%
OGFRL1		1	1	0.5%
CHMP6		1	1	0.5%
USB1		1	1	0.5%
RHBDF2		1	1	0.5%
HECTD3		1	1	0.5%
DYNC2H1		1	1	0.5%
NEIL1		1	1	0.5%
DHX40		1	1	0.5%
SMC6		1	1	0.5%
STEAP4		1	1	0.5%
LRRK1		1	1	0.5%
NOL9		1	1	0.5%
COLGALT1		1	1	0.5%
PPCS		1	1	0.5%
TBL1XR1		1	1	0.5%
PALB2		1	1	0.5%
TTLL7		1	1	0.5%
ECHDC3		1	1	0.5%
ZFAND1		1	1	0.5%
SNIP1		1	1	0.5%
ASB13		1	1	0.5%
MCTP1		1	1	0.5%
LRRC31		1	1	0.5%
SUGCT		1	1	0.5%
VASH2		1	1	0.5%
SLTM		1	1	0.5%
EHMT1		1	1	0.5%
NIPAL2		1	1	0.5%
ZNF552		1	1	0.5%
WDR78		1	1	0.5%
CATSPERB		2	1	0.5%
KDM8		1	1	0.5%
PEAK1		1	1	0.5%
LONRF3		1	1	0.5%
CCDC102B		1	1	0.5%
AGBL2		1	1	0.5%
EPHX3		1	1	0.5%
TM4SF20		1	1	0.5%
ZNF669		1	1	0.5%
RBFA		1	1	0.5%
TCTN2		1	1	0.5%
UBA5		1	1	0.5%
CAAP1		1	1	0.5%
LPCAT1		1	1	0.5%
RIN3		1	1	0.5%
GGNBP2		1	1	0.5%
ATP8B4		1	1	0.5%
NUP85		1	1	0.5%
TCEAL4		1	1	0.5%
CNTNAP3		1	1	0.5%
SLC35E1		1	1	0.5%
DENND1C		1	1	0.5%
CEP76		1	1	0.5%
ATAT1		1	1	0.5%
WLS		1	1	0.5%
DSN1		1	1	0.5%
POF1B		1	1	0.5%
SVEP1		2	1	0.5%
TTC26		1	1	0.5%
PCNX2		1	1	0.5%
NAA25		1	1	0.5%
SEMA6D		1	1	0.5%
ZNF556		1	1	0.5%
CSRNP3		1	1	0.5%
ZNF614		1	1	0.5%
MAP3K19		1	1	0.5%
UXS1		1	1	0.5%
ZC3H12A		1	1	0.5%
EDC3		1	1	0.5%
NAA15		1	1	0.5%
ABHD18		1	1	0.5%
CTC1		1	1	0.5%
RUBCNL		1	1	0.5%
MUS81		1	1	0.5%
HKDC1		2	1	0.5%
FBXO11		1	1	0.5%
ARMC9		1	1	0.5%
ACSF2		1	1	0.5%
CXORF21		1	1	0.5%
CEP63		1	1	0.5%
C16ORF70		1	1	0.5%
TRIM45		1	1	0.5%
TRABD		1	1	0.5%
MED28		1	1	0.5%
SPHKAP		1	1	0.5%
ZKSCAN3		1	1	0.5%
CXXC4		1	1	0.5%
PUS1		1	1	0.5%
WDR82		1	1	0.5%
PNPLA3		1	1	0.5%
DCAF11		1	1	0.5%
TNKS2		1	1	0.5%
TSGA10		1	1	0.5%
ARHGAP39		1	1	0.5%
THSD7B		1	1	0.5%
SLC44A4		1	1	0.5%
LY6G5C		1	1	0.5%
COL18A1		1	1	0.5%
CMIP		1	1	0.5%
ASXL3		1	1	0.5%
TAS1R1		1	1	0.5%
KDM7A		1	1	0.5%
EGFL8		1	1	0.5%
NPL		1	1	0.5%
TUBB1		2	1	0.5%
OR4C15		1	1	0.5%
OR6N2		1	1	0.5%
DCSTAMP		1	1	0.5%
HM13		1	1	0.5%
SLC38A1		1	1	0.5%
GDPD5		1	1	0.5%
LMAN2L		1	1	0.5%
ACTL8		1	1	0.5%
ANKRD13C		1	1	0.5%
FIP1L1		1	1	0.5%
SNX27		1	1	0.5%
FAM83D		1	1	0.5%
TMEM163		1	1	0.5%
CDT1		1	1	0.5%
TSC22D4		1	1	0.5%
DOCK8		2	1	0.5%
NUAK2		1	1	0.5%
SLCO5A1		1	1	0.5%
NETO2		1	1	0.5%
SPACA1		1	1	0.5%
TMEM14B		1	1	0.5%
SHARPIN		1	1	0.5%
LAS1L		1	1	0.5%
SEH1L		1	1	0.5%
PMFBP1		1	1	0.5%
APH1B		1	1	0.5%
ARHGAP24		1	1	0.5%
DDX59		1	1	0.5%
PUS3		1	1	0.5%
TAAR8		1	1	0.5%
TMEM47		1	1	0.5%
AMMECR1L		1	1	0.5%
C18ORF21		1	1	0.5%
FAM167A		1	1	0.5%
TEKT1		2	1	0.5%
SESN2		1	1	0.5%
JAM3		1	1	0.5%
FERMT3		1	1	0.5%
CRISPLD2		1	1	0.5%
ITCH		1	1	0.5%
GRWD1		1	1	0.5%
RBM4B		1	1	0.5%
USP26		1	1	0.5%
TBC1D10A		1	1	0.5%
SPATA16		1	1	0.5%
KRTAP9-3		1	1	0.5%
IMMP2L		1	1	0.5%
FCAMR		1	1	0.5%
REG4		1	1	0.5%
TMPRSS13		1	1	0.5%
WDR54		1	1	0.5%
ADGRV1		1	1	0.5%
MAGT1		1	1	0.5%
KIRREL2		2	1	0.5%
HDHD2		1	1	0.5%
FAM160A2		1	1	0.5%
MYCBPAP		1	1	0.5%
C3ORF20		1	1	0.5%
ANKRD27		1	1	0.5%
ARL6		1	1	0.5%
ZIC4		1	1	0.5%
ZNF394		1	1	0.5%
ACAD11		1	1	0.5%
USP42		1	1	0.5%
ABRAXAS1		1	1	0.5%
POLR1B		1	1	0.5%
MINDY4		1	1	0.5%
ZCCHC7		1	1	0.5%
SLITRK6		1	1	0.5%
SETD3		1	1	0.5%
USP48		1	1	0.5%
TXNDC2		1	1	0.5%
MEX3B		1	1	0.5%
TMEM117		1	1	0.5%
NBPF3		1	1	0.5%
ZMYND15		1	1	0.5%
C2ORF16		1	1	0.5%
ZCCHC9		1	1	0.5%
SGIP1		1	1	0.5%
CAMKK1		1	1	0.5%
SYT3		1	1	0.5%
TCHP		1	1	0.5%
DNAJC30		1	1	0.5%
RNF135		1	1	0.5%
UQCC2		1	1	0.5%
MRPL45		1	1	0.5%
NAA38		1	1	0.5%
CCDC77		2	1	0.5%
NIFK		1	1	0.5%
HOOK3		1	1	0.5%
ADGRA1		1	1	0.5%
MSANTD4		1	1	0.5%
LZTS2		1	1	0.5%
BRSK1		1	1	0.5%
SYVN1		1	1	0.5%
ABLIM2		1	1	0.5%
LCOR		1	1	0.5%
ZMAT1		1	1	0.5%
NEURL4		1	1	0.5%
SLX4		1	1	0.5%
JAGN1		1	1	0.5%
C15ORF41		1	1	0.5%
ACSS1		1	1	0.5%
KBTBD8		1	1	0.5%
MRPL43		1	1	0.5%
PGBD1		1	1	0.5%
TUBB6		1	1	0.5%
ZNF594		1	1	0.5%
KIRREL3		1	1	0.5%
FNDC1		1	1	0.5%
SLITRK2		1	1	0.5%
GPR174		1	1	0.5%
DGAT2		1	1	0.5%
SPZ1		1	1	0.5%
ADGRE3		1	1	0.5%
USP32		1	1	0.5%
ZNF347		1	1	0.5%
CARD6		1	1	0.5%
TRIM55		1	1	0.5%
ABHD1		1	1	0.5%
PIGO		1	1	0.5%
PRRC2B		1	1	0.5%
UNC119B		1	1	0.5%
FUT10		1	1	0.5%
CRACR2A		1	1	0.5%
KMT5C		1	1	0.5%
PYROXD2		1	1	0.5%
PLCD4		1	1	0.5%
TXNDC17		1	1	0.5%
LRCH3		1	1	0.5%
PTPN5		1	1	0.5%
ADGRG7		1	1	0.5%
MFSD2A		1	1	0.5%
LINGO1		1	1	0.5%
TMTC4		1	1	0.5%
ARHGEF39		1	1	0.5%
ZNF341		1	1	0.5%
ALG10		1	1	0.5%
TMEM209		1	1	0.5%
RAB2B		1	1	0.5%
ATG4C		1	1	0.5%
MAEL		1	1	0.5%
TNS4		1	1	0.5%
CGNL1		1	1	0.5%
MICALCL		1	1	0.5%
MPND		1	1	0.5%
NUDCD1		1	1	0.5%
UBASH3B		1	1	0.5%
CCDC183		1	1	0.5%
FBXL20		1	1	0.5%
USP45		1	1	0.5%
CFAP300		1	1	0.5%
ATCAY		1	1	0.5%
PPIL4		1	1	0.5%
ABCC11		1	1	0.5%
LGALS12		1	1	0.5%
TRIM5		1	1	0.5%
MYLK2		1	1	0.5%
TUBGCP6		1	1	0.5%
STON2		1	1	0.5%
DOCK7		1	1	0.5%
DCLK3		1	1	0.5%
KIAA1755		1	1	0.5%
TSPYL5		1	1	0.5%
TNKS1BP1		1	1	0.5%
CIPC		1	1	0.5%
DIXDC1		1	1	0.5%
CEP295		1	1	0.5%
ZNF518B		1	1	0.5%
ANKRD13A		1	1	0.5%
SERPINB12		1	1	0.5%
FGD3		1	1	0.5%
FCHSD1		1	1	0.5%
PLCZ1		1	1	0.5%
TRIM15		1	1	0.5%
UBE3B		1	1	0.5%
KIR3DX1		1	1	0.5%
FAM181A		1	1	0.5%
PHLDB2		1	1	0.5%
BTBD6		1	1	0.5%
EFCAB11		1	1	0.5%
UNC5A		1	1	0.5%
CEACAM21		1	1	0.5%
KLHL13		1	1	0.5%
EXOC3L2		1	1	0.5%
CCDC32		1	1	0.5%
BMF		1	1	0.5%
ZNF622		1	1	0.5%
ERI1		1	1	0.5%
MLIP		1	1	0.5%
ZNF486		1	1	0.5%
CARMIL3		1	1	0.5%
PYGO2		1	1	0.5%
TRIM41		1	1	0.5%
DHX57		1	1	0.5%
ZNF251		1	1	0.5%
CREB3L1		1	1	0.5%
ANKRD30A		1	1	0.5%
L3MBTL4		1	1	0.5%
TMEM67		1	1	0.5%
TIGD7		1	1	0.5%
SLC39A13		1	1	0.5%
LRP5L		1	1	0.5%
ZNF502		1	1	0.5%
ISX		1	1	0.5%
ANKRD44		1	1	0.5%
RSAD2		1	1	0.5%
SLFN11		1	1	0.5%
NLRP12		1	1	0.5%
MYADM		1	1	0.5%
CENPL		1	1	0.5%
ACY3		1	1	0.5%
YTHDC1		1	1	0.5%
ELMSAN1		1	1	0.5%
CALML4		1	1	0.5%
INTS4		1	1	0.5%
DSEL		1	1	0.5%
CDHR1		1	1	0.5%
TMEM132C		1	1	0.5%
C1ORF105		1	1	0.5%
PXYLP1		1	1	0.5%
SPECC1		1	1	0.5%
FANK1		1	1	0.5%
TMEM183A		1	1	0.5%
CCDC114		1	1	0.5%
HAUS8		1	1	0.5%
TPTE2		1	1	0.5%
SDR42E1		1	1	0.5%
CACNA2D4		1	1	0.5%
FBXO44		1	1	0.5%
MYOCD		1	1	0.5%
CADPS2		1	1	0.5%
CPA5		1	1	0.5%
FOXP2		1	1	0.5%
SYAP1		1	1	0.5%
LENG9		1	1	0.5%
SFXN1		1	1	0.5%
SYTL4		1	1	0.5%
SYTL5		1	1	0.5%
ABCC12		1	1	0.5%
TP53INP1		1	1	0.5%
TUBA3E		1	1	0.5%
FDX2		1	1	0.5%
WDR89		1	1	0.5%
SLC52A3		1	1	0.5%
SFT2D1		1	1	0.5%
ADPRHL1		1	1	0.5%
ODF3		1	1	0.5%
ZBED6CL		1	1	0.5%
TOE1		1	1	0.5%
BUD23		1	1	0.5%
LACTB		1	1	0.5%
ERMAP		1	1	0.5%
CSMD2		1	1	0.5%
XKR4		1	1	0.5%
GPRIN1		1	1	0.5%
SLC25A25		1	1	0.5%
SLITRK1		1	1	0.5%
TMEM200A		1	1	0.5%
MYSM1		2	1	0.5%
GALNT13		1	1	0.5%
SORCS1		1	1	0.5%
ZBED9		1	1	0.5%
LENG8		1	1	0.5%
PNMA5		1	1	0.5%
OSBPL9		1	1	0.5%
OSBPL10		1	1	0.5%
SLC25A26		1	1	0.5%
ZNF689		1	1	0.5%
NOSTRIN		1	1	0.5%
ALPK2		1	1	0.5%
ARL11		1	1	0.5%
ZNF653		1	1	0.5%
LRRC58		1	1	0.5%
FOXP4		1	1	0.5%
ZNF526		1	1	0.5%
LRRC3B		1	1	0.5%
KLHDC3		1	1	0.5%
WDR92		1	1	0.5%
FAM210B		1	1	0.5%
GRIN3A		1	1	0.5%
MRGPRD		1	1	0.5%
APOA5		1	1	0.5%
CATSPER1		1	1	0.5%
DACH2		1	1	0.5%
GALNT15		1	1	0.5%
IP6K3		1	1	0.5%
TAGAP		1	1	0.5%
RLN3		1	1	0.5%
RFFL		1	1	0.5%
OLFM3		1	1	0.5%
ANTXR2		1	1	0.5%
MSS51		1	1	0.5%
C10ORF90		1	1	0.5%
BTBD16		1	1	0.5%
FRA10AC1		1	1	0.5%
AGAP4		1	1	0.5%
PNLIPRP3		1	1	0.5%
OR51S1		1	1	0.5%
OR4C46		1	1	0.5%
OR4B1		1	1	0.5%
OR52K2		1	1	0.5%
OR5P2		1	1	0.5%
CYP2R1		1	1	0.5%
JAML		1	1	0.5%
C12ORF45		1	1	0.5%
LRIG3		1	1	0.5%
ANO4		1	1	0.5%
TDRD9		1	1	0.5%
TRAPPC6B		1	1	0.5%
ADSSL1		1	1	0.5%
OR11H6		1	1	0.5%
FRMD6		1	1	0.5%
ISCA2		1	1	0.5%
TC2N		1	1	0.5%
SLC24A4		1	1	0.5%
LEO1		1	1	0.5%
C15ORF40		1	1	0.5%
AGBL1		1	1	0.5%
FSD2		1	1	0.5%
ACSM2A		1	1	0.5%
DCUN1D3		1	1	0.5%
CDYL2		1	1	0.5%
EARS2		1	1	0.5%
ZPBP2		1	1	0.5%
USP43		1	1	0.5%
KRBA2		1	1	0.5%
CNTD1		1	1	0.5%
RSKR		1	1	0.5%
ZFP3		1	1	0.5%
TBC1D16		1	1	0.5%
ZNF816		1	1	0.5%
OR7D4		1	1	0.5%
ZNF813		1	1	0.5%
ZNF491		2	1	0.5%
ZNF440		1	1	0.5%
JOSD2		1	1	0.5%
NLRP13		1	1	0.5%
NLRP8		1	1	0.5%
NLRP5		1	1	0.5%
WDR88		1	1	0.5%
OR10H4		1	1	0.5%
RPTN		1	1	0.5%
TDRD10		1	1	0.5%
WDR63		1	1	0.5%
OR2M3		1	1	0.5%
OR2T10		1	1	0.5%
ATP6V1G3		1	1	0.5%
MYOM3		1	1	0.5%
GJB4		1	1	0.5%
OR2AJ1		1	1	0.5%
OR2B11		1	1	0.5%
C1ORF216		1	1	0.5%
KLHDC7A		1	1	0.5%
ARHGEF19		1	1	0.5%
C1ORF162		1	1	0.5%
VSTM2L		1	1	0.5%
BPIFB6		1	1	0.5%
PIGU		1	1	0.5%
GAB4		3	1	0.5%
TRABD2A		1	1	0.5%
TAF8		1	1	0.5%
TMEM18		1	1	0.5%
ICA1L		1	1	0.5%
FAM168B		1	1	0.5%
SGPP2		1	1	0.5%
KCTD18		1	1	0.5%
TMEM198		1	1	0.5%
MDH1B		1	1	0.5%
MTERF4		1	1	0.5%
M1AP		1	1	0.5%
CCDC58		1	1	0.5%
KCNH8		1	1	0.5%
OTOL1		1	1	0.5%
CD200R1		1	1	0.5%
FAM43A		1	1	0.5%
UROC1		1	1	0.5%
GRK7		1	1	0.5%
METTL6		1	1	0.5%
IL17RE		1	1	0.5%
ZFP42		1	1	0.5%
FAM241A		1	1	0.5%
AASDH		1	1	0.5%
C4ORF36		1	1	0.5%
PACRGL		1	1	0.5%
OTOP1		1	1	0.5%
ENPP6		1	1	0.5%
IL31RA		1	1	0.5%
PPARGC1B		1	1	0.5%
NADK2		1	1	0.5%
JMY		1	1	0.5%
CCDC127		1	1	0.5%
AFAP1L1		1	1	0.5%
POC5		1	1	0.5%
C5ORF24		1	1	0.5%
CLVS2		1	1	0.5%
TAAR9		1	1	0.5%
NCOA7		1	1	0.5%
HINT3		1	1	0.5%
TMEM139		1	1	0.5%
OR6B1		1	1	0.5%
COL26A1		1	1	0.5%
PRSS58		1	1	0.5%
SSC4D		1	1	0.5%
GOT1L1		1	1	0.5%
VPS37A		1	1	0.5%
TMEM71		1	1	0.5%
PXDNL		1	1	0.5%
GPAT4		1	1	0.5%
UNC5D		1	1	0.5%
C9ORF85		1	1	0.5%
DIPK1B		1	1	0.5%
TAF1L		1	1	0.5%
OR13C5		1	1	0.5%
DGKK		1	1	0.5%
AMER1		1	1	0.5%
HDX		1	1	0.5%
PTCHD1		1	1	0.5%
MAGEB10		2	1	0.5%
MAGEB16		1	1	0.5%
XAGE-4		1	1	0.5%
GAB3		1	1	0.5%
ASB11		1	1	0.5%
ASB9		1	1	0.5%
TRIM69		1	1	0.5%
SOGA1		1	1	0.5%
MACROD2		1	1	0.5%
RIPOR3		2	1	0.5%
CST11		1	1	0.5%
RAB40A		1	1	0.5%
ASB15		1	1	0.5%
LIPJ		1	1	0.5%
VTI1A		1	1	0.5%
C11ORF40		1	1	0.5%
MUC15		1	1	0.5%
C11ORF94		1	1	0.5%
SESN3		1	1	0.5%
KBTBD3		1	1	0.5%
POGLUT3		1	1	0.5%
SPINDOC		1	1	0.5%
OR2AG1		1	1	0.5%
DNHD1		1	1	0.5%
GLIPR1L2		1	1	0.5%
ETFRF1		1	1	0.5%
CPNE8		1	1	0.5%
BEST3		1	1	0.5%
CFAP54		1	1	0.5%
LACC1		1	1	0.5%
HNRNPA1L2		1	1	0.5%
SERPINA12		1	1	0.5%
SLC38A6		1	1	0.5%
ARMH4		1	1	0.5%
FAM161B		1	1	0.5%
TTC7B		1	1	0.5%
HAPLN3		1	1	0.5%
TMCO5A		1	1	0.5%
CDAN1		2	1	0.5%
VWA3A		1	1	0.5%
MGAT5B		1	1	0.5%
TOM1L2		1	1	0.5%
RTN4RL1		1	1	0.5%
SLC47A2		1	1	0.5%
CCDC42		1	1	0.5%
ODF4		1	1	0.5%
UNC45B		1	1	0.5%
TMC8		1	1	0.5%
SCGB1C1		1	1	0.5%
CCBE1		1	1	0.5%
SLC25A52		1	1	0.5%
ZNF548		1	1	0.5%
HIPK4		1	1	0.5%
CCDC155		1	1	0.5%
ZNF420		1	1	0.5%
NLRP4		1	1	0.5%
FAM98C		1	1	0.5%
TICAM1		1	1	0.5%
ZNRF4		1	1	0.5%
ATP8B3		1	1	0.5%
SYT6		1	1	0.5%
C1ORF74		2	1	0.5%
CREB3L4		1	1	0.5%
SAMD11		1	1	0.5%
CIART		1	1	0.5%
HJV		1	1	0.5%
B3GALNT2		1	1	0.5%
MFSD4A		1	1	0.5%
DCST1		1	1	0.5%
C1ORF210		1	1	0.5%
FAM71A		1	1	0.5%
AIFM3		1	1	0.5%
C22ORF42		1	1	0.5%
MEI1		1	1	0.5%
TTL		1	1	0.5%
TEKT4		1	1	0.5%
PROM2		1	1	0.5%
FBXO41		1	1	0.5%
PTMAP5		1	1	0.5%
PUS10		1	1	0.5%
KANSL1L		1	1	0.5%
PLB1		1	1	0.5%
CCNYL1		1	1	0.5%
KLHL23		1	1	0.5%
SGO2		1	1	0.5%
SLC38A11		1	1	0.5%
SLC23A3		1	1	0.5%
GPBAR1		1	1	0.5%
FAHD2B		1	1	0.5%
SLC16A14		1	1	0.5%
UPP2		1	1	0.5%
TAFA4		1	1	0.5%
CPNE9		1	1	0.5%
BTLA		1	1	0.5%
RNF38		2	1	0.5%
NEK10		1	1	0.5%
C3ORF79		1	1	0.5%
ZNF827		1	1	0.5%
SCFD2		1	1	0.5%
ODAPH		1	1	0.5%
KLB		1	1	0.5%
DAB2IP		1	1	0.5%
SRFBP1		1	1	0.5%
FAM71B		1	1	0.5%
RNF145		1	1	0.5%
CNKSR3		1	1	0.5%
PNLDC1		1	1	0.5%
RUNDC3B		1	1	0.5%
ABCA13		1	1	0.5%
AMOTL1		1	1	0.5%
ZNF425		1	1	0.5%
AMZ1		1	1	0.5%
ESCO2		1	1	0.5%
SLC7A13		1	1	0.5%
CLVS1		1	1	0.5%
SBSPON		1	1	0.5%
CAMSAP1		1	1	0.5%
LINGO2		1	1	0.5%
OR1Q1		1	1	0.5%
HSD17B7P2		1	1	0.5%
FREM1		1	1	0.5%
KIAA2026		1	1	0.5%
KIAA1958		1	1	0.5%
CBLL2		1	1	0.5%
FAM47A		1	1	0.5%
MOSPD2		1	1	0.5%
CXORF65		1	1	0.5%
FAM122B		1	1	0.5%
NKX2-3		1	1	0.5%
DEUP1		1	1	0.5%
C11ORF65		1	1	0.5%
LDHAL6A		1	1	0.5%
TMTC2		1	1	0.5%
ALDH1L2		1	1	0.5%
CCDC60		1	1	0.5%
DGKH		1	1	0.5%
SYNE3		1	1	0.5%
MDGA2		1	1	0.5%
STRC		1	1	0.5%
TBC1D21		1	1	0.5%
EXD1		1	1	0.5%
FSIP1		1	1	0.5%
ANKFN1		1	1	0.5%
NAGS		1	1	0.5%
RETREG3		1	1	0.5%
FBXO39		1	1	0.5%
SPPL2C		1	1	0.5%
ZNF836		1	1	0.5%
ZNF600		1	1	0.5%
ZNF550		1	1	0.5%
ZNF846		1	1	0.5%
SYNE4		1	1	0.5%
DENND2C		1	1	0.5%
LEXM		2	1	0.5%
SPRR4		1	1	0.5%
KANK4		1	1	0.5%
CNST		1	1	0.5%
TTLL9		1	1	0.5%
TTLL8		1	1	0.5%
ADGRF3		1	1	0.5%
OXER1		1	1	0.5%
CLEC4F		1	1	0.5%
DQX1		1	1	0.5%
GPR156		1	1	0.5%
MIER3		1	1	0.5%
UGT3A2		1	1	0.5%
C6ORF118		1	1	0.5%
GALNTL5		1	1	0.5%
DDX53		1	1	0.5%
PKD1L1		1	1	0.5%
COL22A1		1	1	0.5%
GLIS3		1	1	0.5%
TCEANC		1	1	0.5%
OIT3		1	1	0.5%
DHX36		1	1	0.5%
ADAMTS16		1	1	0.5%
KCNG3		1	1	0.5%
ANKRD24		1	1	0.5%
ZNF675		1	1	0.5%
FAM9C		1	1	0.5%
AGO3		1	1	0.5%
AGO4		1	1	0.5%
SCAMP5		1	1	0.5%
ZNF367		1	1	0.5%
ZFC3H1		1	1	0.5%
ANO6		1	1	0.5%
ARID2		1	1	0.5%
ADCY4		1	1	0.5%
GRAMD2A		1	1	0.5%
UBR1		1	1	0.5%
MLKL		1	1	0.5%
ZNF627		1	1	0.5%
FYB2		1	1	0.5%
SLC5A9		1	1	0.5%
NBPF11		1	1	0.5%
TCTEX1D1		1	1	0.5%
PLD5		1	1	0.5%
SLFNL1		1	1	0.5%
SPRED2		1	1	0.5%
C3ORF67		1	1	0.5%
SLC51A		1	1	0.5%
CEP112		1	1	0.5%
TRIM65		1	1	0.5%
SPNS3		1	1	0.5%
ZBTB7C		1	1	0.5%
STT3B		1	1	0.5%
RWDD4		1	1	0.5%
TAPT1		1	1	0.5%
STK32A		1	1	0.5%
TMEM268		1	1	0.5%
C9ORF72		1	1	0.5%
CCDC171		1	1	0.5%
ANKS6		1	1	0.5%
NRK		1	1	0.5%
INTS6L		1	1	0.5%
PDILT		2	1	0.5%
NLRP11		1	1	0.5%
SLC44A5		1	1	0.5%
DIPK2A		1	1	0.5%
AMER2		1	1	0.5%
OR5AS1		1	1	0.5%
OR5R1		1	1	0.5%
OR5AR1		1	1	0.5%
SLC37A2		1	1	0.5%
OR8B12		1	1	0.5%
OR6T1		1	1	0.5%
TPCN2		1	1	0.5%
OR9Q1		1	1	0.5%
OR4D11		1	1	0.5%
VWCE		1	1	0.5%
GDPD4		1	1	0.5%
DDIAS		1	1	0.5%
CFAP53		1	1	0.5%
RNF152		1	1	0.5%
MARCH8		1	1	0.5%
ZNF485		1	1	0.5%
REEP3		1	1	0.5%
JMJD1C		1	1	0.5%
RPP38-DT		1	1	0.5%
FAM171A1		1	1	0.5%
NT5DC1		1	1	0.5%
ADGRF4		1	1	0.5%
ADGRF5		1	1	0.5%
TMEM217		1	1	0.5%
ARMC12		1	1	0.5%
LEMD2		1	1	0.5%
ZBTB12		1	1	0.5%
ZSCAN25		1	1	0.5%
TWISTNB		1	1	0.5%
LRWD1		1	1	0.5%
FBXL13		1	1	0.5%
ATXN7L1		1	1	0.5%
ADGRG3		1	1	0.5%
RFX6		1	1	0.5%
SLC35F1		1	1	0.5%
ADGRF2		1	1	0.5%
UNC5CL		1	1	0.5%
FERD3L		1	1	0.5%
SLC29A4		1	1	0.5%
SPDYA		1	1	0.5%
DEFB116		1	1	0.5%
DEFB128		1	1	0.5%
CNOT6L		1	1	0.5%
SPESP1		1	1	0.5%
NEIL2		1	1	0.5%
TECRL		1	1	0.5%
WDR27		1	1	0.5%
CERS6		1	1	0.5%
RALGAPA1		1	1	0.5%
BRWD3		1	1	0.5%
CXORF58		1	1	0.5%
PLA2G4F		1	1	0.5%
MCOLN2		1	1	0.5%
ANKK1		1	1	0.5%
EPGN		1	1	0.5%
RNF144B		1	1	0.5%
COL24A1		1	1	0.5%
OR52B2		1	1	0.5%
CCDC110		1	1	0.5%
SCML4		1	1	0.5%
WDR72		1	1	0.5%
SERINC5		1	1	0.5%
CATSPERD		1	1	0.5%
ZNF683		1	1	0.5%
SNX33		1	1	0.5%
NCR3		1	1	0.5%
LY6G6F		1	1	0.5%
STEAP2		1	1	0.5%
SEC14L3		1	1	0.5%
MDGA1		1	1	0.5%
NPAS4		1	1	0.5%
DAOA		1	1	0.5%
SSX7		1	1	0.5%
ZNF311		1	1	0.5%
FOXR1		1	1	0.5%
OR8D2		1	1	0.5%
OR9G4		1	1	0.5%
PGM2L1		1	1	0.5%
B4GALNT3		1	1	0.5%
SLC39A5		1	1	0.5%
HECTD4		1	1	0.5%
KSR2		1	1	0.5%
C12ORF40		1	1	0.5%
KCNRG		1	1	0.5%
PROX2		1	1	0.5%
REC114		1	1	0.5%
PLA2G4D		1	1	0.5%
NOMO2		1	1	0.5%
CCDC57		1	1	0.5%
KANSL1		1	1	0.5%
TMEM102		1	1	0.5%
KCTD1		1	1	0.5%
ZADH2		1	1	0.5%
ZNF776		1	1	0.5%
ZNF780A		1	1	0.5%
TMEM145		1	1	0.5%
NWD1		1	1	0.5%
THEM5		1	1	0.5%
OR2L13		1	1	0.5%
OR14A16		1	1	0.5%
CYP4A22		1	1	0.5%
EPHA10		1	1	0.5%
C20ORF203		1	1	0.5%
CCDC141		1	1	0.5%
IAH1		1	1	0.5%
UNC80		1	1	0.5%
RPL10P6		1	1	0.5%
RGPD4		1	1	0.5%
C3ORF56		1	1	0.5%
IGSF10		1	1	0.5%
CCDC66		1	1	0.5%
SLC9C1		1	1	0.5%
C3ORF70		1	1	0.5%
CRIPAK		1	1	0.5%
DOK7		1	1	0.5%
KIAA0825		1	1	0.5%
CAGE1		1	1	0.5%
PNPLA1		1	1	0.5%
RPL7L1		1	1	0.5%
XKR6		1	1	0.5%
SCARA5		1	1	0.5%
CRB2		1	1	0.5%
SCAI		1	1	0.5%
ATP11C		1	1	0.5%
LINC00632		1	1	0.5%
YIPF6		1	1	0.5%
CFAP47		1	1	0.5%
C14ORF39		1	1	0.5%
TAAR6		1	1	0.5%
CHSY3		1	1	0.5%
FAM151A		1	1	0.5%
NLRP10		1	1	0.5%
NLRP14		1	1	0.5%
KCNK18		1	1	0.5%
LUZP2		1	1	0.5%
CCDC84		1	1	0.5%
OR5AP2		1	1	0.5%
ANKRD42		1	1	0.5%
OR52L1		1	1	0.5%
KRT79		1	1	0.5%
LOC339166		1	1	0.5%
LRRC30		1	1	0.5%
CPLX4		1	1	0.5%
ZNF260		1	1	0.5%
RXFP4		1	1	0.5%
ZFP69		1	1	0.5%
TEX33		1	1	0.5%
CYP27C1		1	1	0.5%
NAT8L		1	1	0.5%
FAM170A		1	1	0.5%
ABCB5		1	1	0.5%
AGBL3		1	1	0.5%
KLHL38		1	1	0.5%
ACER2		1	1	0.5%
NHSL2		1	1	0.5%
BEX5		1	1	0.5%
DCDC1		1	1	0.5%
NEK5		1	1	0.5%
GOLGA6A		1	1	0.5%
KRT27		1	1	0.5%
NCCRP1		1	1	0.5%
ZNF677		1	1	0.5%
NANOS3		1	1	0.5%
HNRNPCL1		1	1	0.5%
PRAMEF10		1	1	0.5%
OR6F1		1	1	0.5%
KCNT2		1	1	0.5%
BARHL2		1	1	0.5%
ARHGAP40		1	1	0.5%
RSPO4		1	1	0.5%
NCKAP5		1	1	0.5%
SH3RF3		1	1	0.5%
TMPRSS7		1	1	0.5%
ATP13A5		1	1	0.5%
ACTBL2		1	1	0.5%
MACC1		1	1	0.5%
ZNF81		1	1	0.5%
ITIH6		1	1	0.5%
CXORF66		1	1	0.5%
ARSH		1	1	0.5%
TUBB8		1	1	0.5%
CATSPER3		1	1	0.5%
SELENOV		1	1	0.5%
ZNF530		1	1	0.5%
HCN1		1	1	0.5%
GJC3		1	1	0.5%
RAET1G		1	1	0.5%
LCE1B		1	1	0.5%
LCE3C		1	1	0.5%
RGSL1		1	1	0.5%
BPIFB3		1	1	0.5%
TMPRSS9		1	1	0.5%
USP50		1	1	0.5%
NHLRC2		1	1	0.5%
TMEM179B		1	1	0.5%
KRT77		1	1	0.5%
TEX9		1	1	0.5%
LRRC37A3		1	1	0.5%
ANKRD30B		1	1	0.5%
ATP9B		1	1	0.5%
SPATA21		1	1	0.5%
MROH7		1	1	0.5%
PTAR1		1	1	0.5%
RAB15		1	1	0.5%
CATSPER4		1	1	0.5%
NHLRC1		1	1	0.5%
KRTAP10-11		1	1	0.5%
ILDR2		1	1	0.5%
SH2D4B		1	1	0.5%
OR56B1		1	1	0.5%
SBK1		1	1	0.5%
POTEC		1	1	0.5%
ZNF788P		1	1	0.5%
ZNF808		1	1	0.5%
ZNF324B		1	1	0.5%
RNF207		1	1	0.5%
CD164L2		1	1	0.5%
NOTCH2NLA		1	1	0.5%
HRNR		1	1	0.5%
KRTAP26-1		1	1	0.5%
MFSD2B		1	1	0.5%
PCARE		1	1	0.5%
C2ORF78		2	1	0.5%
C2ORF80		1	1	0.5%
OR6B2		1	1	0.5%
ZNF662		1	1	0.5%
LEKR1		1	1	0.5%
C6ORF222		1	1	0.5%
FEZF1		1	1	0.5%
FAM180A		1	1	0.5%
NUGGC		1	1	0.5%
MROH5		1	1	0.5%
SPATA31D1		1	1	0.5%
CFAP77		1	1	0.5%
C1QL3		1	1	0.5%
OR51B6		1	1	0.5%
OR51M1		1	1	0.5%
OR52D1		1	1	0.5%
OR52E8		1	1	0.5%
OR5W2		1	1	0.5%
OR5M1		1	1	0.5%
OR6M1		1	1	0.5%
OR10G7		1	1	0.5%
OR8A1		1	1	0.5%
OR5AU1		1	1	0.5%
SKOR1		1	1	0.5%
OR7A10		1	1	0.5%
ZNF793		1	1	0.5%
ACP7		1	1	0.5%
FRRS1		1	1	0.5%
OR6Y1		2	1	0.5%
OR2M2		1	1	0.5%
OR2G6		1	1	0.5%
OR5C1		1	1	0.5%
OR1K1		1	1	0.5%
OR2A5		1	1	0.5%
HEATR4		1	1	0.5%
SHC4		1	1	0.5%
RPSAP53		1	1	0.5%
TEX19		1	1	0.5%
C1ORF141		1	1	0.5%
C2ORF91		1	1	0.5%
KLHL31		1	1	0.5%
HACD4		1	1	0.5%
OR51A2		1	1	0.5%
SOHLH1		1	1	0.5%
XKRX		1	1	0.5%
OR5H15		1	1	0.5%
OR5K3		1	1	0.5%
FAM45A		1	1	0.5%
DDI1		1	1	0.5%
ASTL		1	1	0.5%
DBX2		1	1	0.5%
RNASE13		1	1	0.5%
EIF2AK4		1	1	0.5%
ZYG11A		1	1	0.5%
OR4Q3		1	1	0.5%
GALNTL6		1	1	0.5%
OR2B3		1	1	0.5%
PTCHD4		1	1	0.5%
KPRP		1	1	0.5%
CCDC73		1	1	0.5%
FBXO47		1	1	0.5%
WEE2		1	1	0.5%
PRR5-ARHGAP8		2	1	0.5%
SERINC4		1	1	0.5%
LOC642131		1	1	0.5%
CT47B1		1	1	0.5%
KRTAP24-1		1	1	0.5%
PRR21		1	1	0.5%
LOC643923		1	1	0.5%
PDCD6IPP2		1	1	0.5%
FAM227A		1	1	0.5%
ZBTB8A		1	1	0.5%
KIAA0895L		1	1	0.5%
RRN3P2		1	1	0.5%
ACTR3C		1	1	0.5%
PRAMEF16		1	1	0.5%
AGAP5		1	1	0.5%
RPSAP26		1	1	0.5%
POM121C		1	1	0.5%
TEC		1	1	0.5%
ACE3P		1	1	0.5%
ZNF737		1	1	0.5%
CMC4		1	1	0.5%
IGHV3OR16-13		1	1	0.5%
LIMS4		1	1	0.5%
ZNF783		1	1	0.5%
TMED7-TICAM2		1	1	0.5%
SRPK2P		1	1	0.5%
COX6B1P4		1	1	0.5%
MTRNR2L6		1	1	0.5%
CCDC180		1	1	0.5%
MMD2		1	1	0.5%
ATP5MF-PTCD1		1	1	0.5%
STIMATE-MUSTN1		1	1	0.5%
ARPIN-AP3S2		1	1	0.5%
POC1B-GALNT4		1	1	0.5%
TMEM256-PLSCR3		1	1	0.5%
MTND2P28		1	1	0.5%
PDCD6IPP1		1	1	0.5%
ERCC6-PGBD3		1	1	0.5%
NBPF25P		1	1	0.5%